Pt_ID,Date,YearMonth,Id_1,X,Y,Addax,Dorcas,Cornul,Stipa1,Stipa2,Human
13,2008-12-06,200812,23,825358.11930000000,1773471.76470000000,0.00000000000,3.00000000000,0.00000000000,1.00000000000,0.00000000000,0.00000000000
14,2008-12-06,200812,23,830041.77790000000,1776055.00890000000,0.00000000000,5.00000000000,0.00000000000,0.00000000000,0.00000000000,0.00000000000
15,2008-12-06,200812,23,835354.54620000000,1779007.17470000000,0.00000000000,7.00000000000,0.00000000000,0.00000000000,0.00000000000,1.00000000000
17,2008-12-06,200812,23,840738.95310000000,1781911.58730000000,0.00000000000,2.00000000000,0.00000000000,1.00000000000,0.00000000000,0.00000000000
19,2008-12-06,200812,23,845644.09040000000,1784586.99620000000,0.00000000000,1.00000000000,0.00000000000,0.00000000000,0.00000000000,1.00000000000
21,2008-12-06,200812,23,850099.98900000000,1787353.05810000000,0.00000000000,11.00000000000,0.00000000000,0.00000000000,1.00000000000,0.00000000000
16,2008-12-06,200812,12,800058.75750000000,1780977.71250000000,1.00000000000,0.00000000000,0.00000000000,0.00000000000,0.00000000000,0.00000000000
18,2008-12-06,200812,12,805058.92040000000,1783687.19080000000,2.00000000000,0.00000000000,0.00000000000,1.00000000000,0.00000000000,0.00000000000
20,2008-12-06,200812,12,809524.55280000000,1786050.59340000000,5.00000000000,1.00000000000,0.00000000000,0.00000000000,1.00000000000,0.00000000000
22,2008-12-06,200812,12,814934.73010000000,1788976.51710000000,0.00000000000,0.00000000000,0.00000000000,1.00000000000,0.00000000000,2.00000000000
24,2008-12-06,200812,12,819964.48570000000,1791613.15740000000,17.00000000000,0.00000000000,0.00000000000,0.00000000000,1.00000000000,0.00000000000
26,2008-12-06,200812,12,824951.74400000000,1794354.99150000000,0.00000000000,0.00000000000,1.00000000000,0.00000000000,1.00000000000,0.00000000000
28,2008-12-06,200812,12,829936.27510000000,1796967.04470000000,0.00000000000,0.00000000000,1.00000000000,1.00000000000,0.00000000000,0.00000000000
30,2008-12-06,200812,12,834641.79110000000,1799574.05580000000,0.00000000000,0.00000000000,1.00000000000,0.00000000000,0.00000000000,0.00000000000
32,2008-12-06,200812,12,839849.66340000000,1802349.60970000000,0.00000000000,0.00000000000,1.00000000000,0.00000000000,0.00000000000,0.00000000000
34,2008-12-06,200812,12,844750.26160000000,1804904.83140000000,0.00000000000,0.00000000000,1.00000000000,0.00000000000,0.00000000000,1.00000000000
37,2008-12-06,200812,12,849819.86020000000,1807620.70070000000,0.00000000000,0.00000000000,1.00000000000,0.00000000000,0.00000000000,0.00000000000
31,2008-12-06,200812,10,809863.35100000000,1800211.93490000000,0.00000000000,0.00000000000,1.00000000000,1.00000000000,0.00000000000,0.00000000000
33,2008-12-06,200812,10,814745.10130000000,1802834.40220000000,2.00000000000,1.00000000000,1.00000000000,1.00000000000,0.00000000000,0.00000000000
35,2008-12-06,200812,10,819699.56690000000,1805513.78310000000,12.00000000000,0.00000000000,1.00000000000,0.00000000000,0.00000000000,0.00000000000
38,2008-12-06,200812,10,824835.05970000000,1808050.57860000000,4.00000000000,1.00000000000,1.00000000000,1.00000000000,0.00000000000,0.00000000000
40,2008-12-06,200812,10,829939.85710000000,1811052.22850000000,16.00000000000,1.00000000000,1.00000000000,1.00000000000,1.00000000000,1.00000000000
42,2008-12-06,200812,10,834634.78230000000,1813502.27030000000,2.00000000000,0.00000000000,1.00000000000,1.00000000000,0.00000000000,1.00000000000
44,2008-12-06,200812,10,839633.81800000000,1816188.08280000000,0.00000000000,0.00000000000,1.00000000000,0.00000000000,0.00000000000,1.00000000000
46,2008-12-06,200812,10,844712.06860000000,1818937.77890000000,0.00000000000,0.00000000000,0.00000000000,0.00000000000,0.00000000000,0.00000000000
48,2008-12-06,200812,10,849545.60360000000,1821545.53810000000,1.00000000000,0.00000000000,0.00000000000,1.00000000000,0.00000000000,1.00000000000
36,2008-12-06,200812,8,794650.65480000000,1806004.58740000000,0.00000000000,0.00000000000,1.00000000000,0.00000000000,0.00000000000,0.00000000000
39,2008-12-06,200812,8,798999.49240000000,1808470.38410000000,0.00000000000,0.00000000000,1.00000000000,0.00000000000,0.00000000000,0.00000000000
41,2008-12-06,200812,8,804473.39720000000,1811251.00650000000,0.00000000000,0.00000000000,1.00000000000,1.00000000000,0.00000000000,0.00000000000
43,2008-12-06,200812,8,809587.51500000000,1813940.58440000000,0.00000000000,0.00000000000,1.00000000000,1.00000000000,0.00000000000,0.00000000000
45,2008-12-06,200812,8,814594.15930000000,1816724.18010000000,10.00000000000,0.00000000000,1.00000000000,1.00000000000,0.00000000000,0.00000000000
47,2008-12-06,200812,8,819575.62260000000,1819245.02010000000,52.00000000000,0.00000000000,1.00000000000,1.00000000000,0.00000000000,0.00000000000
49,2008-12-06,200812,8,824385.16490000000,1821782.00250000000,1.00000000000,0.00000000000,1.00000000000,1.00000000000,0.00000000000,0.00000000000
52,2008-12-06,200812,8,829399.54020000000,1824615.72400000000,0.00000000000,0.00000000000,1.00000000000,1.00000000000,0.00000000000,0.00000000000
55,2008-12-06,200812,8,834411.97100000000,1827374.08400000000,0.00000000000,1.00000000000,1.00000000000,1.00000000000,0.00000000000,0.00000000000
57,2008-12-06,200812,8,839357.59820000000,1830008.51220000000,3.00000000000,1.00000000000,1.00000000000,1.00000000000,0.00000000000,0.00000000000
59,2008-12-06,200812,8,843746.89370000000,1832476.44300000000,26.00000000000,0.00000000000,1.00000000000,1.00000000000,1.00000000000,1.00000000000
50,2008-12-06,200812,6,799397.74710000000,1822565.46180000000,0.00000000000,0.00000000000,1.00000000000,1.00000000000,0.00000000000,0.00000000000
53,2008-12-06,200812,6,804623.12200000000,1825224.30070000000,0.00000000000,1.00000000000,1.00000000000,1.00000000000,0.00000000000,0.00000000000
56,2008-12-06,200812,6,809332.17980000000,1827773.96360000000,4.00000000000,0.00000000000,1.00000000000,1.00000000000,0.00000000000,2.00000000000
58,2008-12-06,200812,6,814341.13480000000,1830502.20500000000,6.00000000000,0.00000000000,1.00000000000,1.00000000000,1.00000000000,0.00000000000
60,2008-12-06,200812,6,819464.06080000000,1833262.18880000000,2.00000000000,0.00000000000,0.00000000000,0.00000000000,0.00000000000,1.00000000000
61,2008-12-06,200812,6,824276.41900000000,1835807.75390000000,0.00000000000,0.00000000000,1.00000000000,1.00000000000,0.00000000000,0.00000000000
62,2008-12-06,200812,6,829344.44260000000,1838436.87100000000,14.00000000000,0.00000000000,1.00000000000,1.00000000000,1.00000000000,0.00000000000
63,2008-12-06,200812,6,834316.83490000000,1841034.33020000000,15.00000000000,0.00000000000,1.00000000000,1.00000000000,0.00000000000,0.00000000000
64,2008-12-06,200812,6,839278.36760000000,1843787.52550000000,2.00000000000,0.00000000000,1.00000000000,1.00000000000,0.00000000000,0.00000000000
109,2008-12-06,200812,6,794506.81750000000,1819797.77900000000,0.00000000000,0.00000000000,1.00000000000,1.00000000000,0.00000000000,0.00000000000
110,2008-12-06,200812,6,789521.00730000000,1817206.63000000000,0.00000000000,8.00000000000,1.00000000000,1.00000000000,0.00000000000,0.00000000000
13,2009-06-02,200906,23,825358.11930000000,1773471.76470000000,0.00000000000,0.00000000000,0.00000000000,1.00000000000,0.00000000000,0.00000000000
14,2009-06-02,200906,23,830041.77790000000,1776055.00890000000,0.00000000000,0.00000000000,0.00000000000,0.00000000000,0.00000000000,0.00000000000
15,2009-06-02,200906,23,835354.54620000000,1779007.17470000000,0.00000000000,0.00000000000,0.00000000000,0.00000000000,0.00000000000,0.00000000000
17,2009-06-02,200906,23,840738.95310000000,1781911.58730000000,0.00000000000,0.00000000000,0.00000000000,0.00000000000,0.00000000000,0.00000000000
19,2009-06-02,200906,23,845644.09040000000,1784586.99620000000,0.00000000000,0.00000000000,0.00000000000,0.00000000000,0.00000000000,1.00000000000
21,2009-06-02,200906,23,850099.98900000000,1787353.05810000000,0.00000000000,11.00000000000,0.00000000000,0.00000000000,0.00000000000,2.00000000000
16,2009-06-02,200906,12,800058.75750000000,1780977.71250000000,0.00000000000,0.00000000000,0.00000000000,1.00000000000,0.00000000000,0.00000000000
18,2009-06-02,200906,12,805058.92040000000,1783687.19080000000,0.00000000000,0.00000000000,0.00000000000,1.00000000000,1.00000000000,0.00000000000
20,2009-06-02,200906,12,809524.55280000000,1786050.59340000000,0.00000000000,0.00000000000,0.00000000000,1.00000000000,0.00000000000,0.00000000000
22,2009-06-02,200906,12,814934.73010000000,1788976.51710000000,0.00000000000,0.00000000000,1.00000000000,0.00000000000,1.00000000000,1.00000000000
24,2009-06-02,200906,12,819964.48570000000,1791613.15740000000,6.00000000000,6.00000000000,1.00000000000,0.00000000000,1.00000000000,0.00000000000
26,2009-06-02,200906,12,824951.74400000000,1794354.99150000000,4.00000000000,0.00000000000,1.00000000000,1.00000000000,0.00000000000,0.00000000000
28,2009-06-02,200906,12,829936.27510000000,1796967.04470000000,0.00000000000,0.00000000000,1.00000000000,1.00000000000,0.00000000000,0.00000000000
30,2009-06-02,200906,12,834641.79110000000,1799574.05580000000,0.00000000000,0.00000000000,1.00000000000,0.00000000000,0.00000000000,0.00000000000
32,2009-06-02,200906,12,839849.66340000000,1802349.60970000000,0.00000000000,0.00000000000,1.00000000000,0.00000000000,0.00000000000,1.00000000000
34,2009-06-02,200906,12,844750.26160000000,1804904.83140000000,0.00000000000,0.00000000000,1.00000000000,1.00000000000,0.00000000000,0.00000000000
37,2009-06-02,200906,12,849819.86020000000,1807620.70070000000,0.00000000000,0.00000000000,0.00000000000,1.00000000000,0.00000000000,1.00000000000
31,2009-06-02,200906,10,809863.35100000000,1800211.93490000000,0.00000000000,0.00000000000,1.00000000000,0.00000000000,0.00000000000,0.00000000000
33,2009-06-02,200906,10,814745.10130000000,1802834.40220000000,0.00000000000,0.00000000000,1.00000000000,0.00000000000,0.00000000000,0.00000000000
35,2009-06-02,200906,10,819699.56690000000,1805513.78310000000,0.00000000000,0.00000000000,1.00000000000,0.00000000000,0.00000000000,0.00000000000
38,2009-06-02,200906,10,824835.05970000000,1808050.57860000000,0.00000000000,0.00000000000,1.00000000000,1.00000000000,0.00000000000,0.00000000000
40,2009-06-02,200906,10,829939.85710000000,1811052.22850000000,2.00000000000,1.00000000000,1.00000000000,1.00000000000,0.00000000000,1.00000000000
42,2009-06-02,200906,10,834634.78230000000,1813502.27030000000,0.00000000000,0.00000000000,1.00000000000,0.00000000000,0.00000000000,0.00000000000
44,2009-06-02,200906,10,839633.81800000000,1816188.08280000000,0.00000000000,0.00000000000,1.00000000000,0.00000000000,0.00000000000,1.00000000000
46,2009-06-02,200906,10,844712.06860000000,1818937.77890000000,0.00000000000,0.00000000000,1.00000000000,0.00000000000,0.00000000000,1.00000000000
48,2009-06-02,200906,10,849545.60360000000,1821545.53810000000,0.00000000000,0.00000000000,1.00000000000,1.00000000000,0.00000000000,0.00000000000
36,2009-06-02,200906,8,794650.65480000000,1806004.58740000000,0.00000000000,0.00000000000,1.00000000000,0.00000000000,0.00000000000,0.00000000000
39,2009-06-02,200906,8,798999.49240000000,1808470.38410000000,0.00000000000,0.00000000000,1.00000000000,0.00000000000,0.00000000000,0.00000000000
41,2009-06-02,200906,8,804473.39720000000,1811251.00650000000,0.00000000000,0.00000000000,1.00000000000,0.00000000000,0.00000000000,0.00000000000
43,2009-06-02,200906,8,809587.51500000000,1813940.58440000000,0.00000000000,0.00000000000,1.00000000000,1.00000000000,0.00000000000,0.00000000000
45,2009-06-02,200906,8,814594.15930000000,1816724.18010000000,6.00000000000,0.00000000000,1.00000000000,1.00000000000,0.00000000000,0.00000000000
47,2009-06-02,200906,8,819575.62260000000,1819245.02010000000,10.00000000000,4.00000000000,1.00000000000,1.00000000000,0.00000000000,0.00000000000
49,2009-06-02,200906,8,824385.16490000000,1821782.00250000000,0.00000000000,0.00000000000,0.00000000000,1.00000000000,0.00000000000,0.00000000000
52,2009-06-02,200906,8,829399.54020000000,1824615.72400000000,0.00000000000,0.00000000000,1.00000000000,1.00000000000,0.00000000000,0.00000000000
55,2009-06-02,200906,8,834411.97100000000,1827374.08400000000,0.00000000000,0.00000000000,1.00000000000,1.00000000000,0.00000000000,1.00000000000
57,2009-06-02,200906,8,839357.59820000000,1830008.51220000000,0.00000000000,0.00000000000,1.00000000000,1.00000000000,0.00000000000,0.00000000000
59,2009-06-02,200906,8,843746.89370000000,1832476.44300000000,0.00000000000,0.00000000000,1.00000000000,0.00000000000,1.00000000000,0.00000000000
50,2009-06-02,200906,6,799397.74710000000,1822565.46180000000,0.00000000000,0.00000000000,1.00000000000,1.00000000000,1.00000000000,0.00000000000
53,2009-06-02,200906,6,804623.12200000000,1825224.30070000000,0.00000000000,0.00000000000,1.00000000000,1.00000000000,0.00000000000,0.00000000000
56,2009-06-02,200906,6,809332.17980000000,1827773.96360000000,0.00000000000,0.00000000000,1.00000000000,1.00000000000,0.00000000000,1.00000000000
58,2009-06-02,200906,6,814341.13480000000,1830502.20500000000,0.00000000000,0.00000000000,1.00000000000,1.00000000000,0.00000000000,0.00000000000
60,2009-06-02,200906,6,819464.06080000000,1833262.18880000000,0.00000000000,0.00000000000,1.00000000000,0.00000000000,0.00000000000,0.00000000000
61,2009-06-02,200906,6,824276.41900000000,1835807.75390000000,0.00000000000,0.00000000000,1.00000000000,0.00000000000,0.00000000000,0.00000000000
62,2009-06-02,200906,6,829344.44260000000,1838436.87100000000,1.00000000000,0.00000000000,1.00000000000,1.00000000000,0.00000000000,0.00000000000
63,2009-06-02,200906,6,834316.83490000000,1841034.33020000000,0.00000000000,0.00000000000,1.00000000000,1.00000000000,0.00000000000,0.00000000000
64,2009-06-02,200906,6,839278.36760000000,1843787.52550000000,0.00000000000,0.00000000000,1.00000000000,0.00000000000,0.00000000000,0.00000000000
109,2009-06-02,200906,6,794506.81750000000,1819797.77900000000,0.00000000000,0.00000000000,1.00000000000,0.00000000000,0.00000000000,0.00000000000
110,2009-06-02,200906,6,789521.00730000000,1817206.63000000000,0.00000000000,0.00000000000,1.00000000000,1.00000000000,0.00000000000,0.00000000000
13,2009-09-09,200909,23,825358.11930000000,1773471.76470000000,0.00000000000,81.00000000000,0.00000000000,1.00000000000,0.00000000000,0.00000000000
14,2009-09-09,200909,23,830041.77790000000,1776055.00890000000,0.00000000000,62.00000000000,0.00000000000,0.00000000000,0.00000000000,0.00000000000
15,2009-09-09,200909,23,835354.54620000000,1779007.17470000000,0.00000000000,113.00000000000,0.00000000000,1.00000000000,0.00000000000,0.00000000000
17,2009-09-09,200909,23,840738.95310000000,1781911.58730000000,0.00000000000,2.00000000000,0.00000000000,1.00000000000,0.00000000000,0.00000000000
19,2009-09-09,200909,23,845644.09040000000,1784586.99620000000,0.00000000000,2.00000000000,0.00000000000,1.00000000000,0.00000000000,2.00000000000
21,2009-09-09,200909,23,850099.98900000000,1787353.05810000000,0.00000000000,10.00000000000,0.00000000000,0.00000000000,1.00000000000,2.00000000000
16,2009-09-09,200909,12,800058.75750000000,1780977.71250000000,0.00000000000,0.00000000000,0.00000000000,0.00000000000,0.00000000000,0.00000000000
18,2009-09-09,200909,12,805058.92040000000,1783687.19080000000,12.00000000000,12.00000000000,0.00000000000,1.00000000000,1.00000000000,0.00000000000
20,2009-09-09,200909,12,809524.55280000000,1786050.59340000000,0.00000000000,0.00000000000,0.00000000000,1.00000000000,0.00000000000,0.00000000000
22,2009-09-09,200909,12,814934.73010000000,1788976.51710000000,0.00000000000,8.00000000000,0.00000000000,1.00000000000,1.00000000000,2.00000000000
24,2009-09-09,200909,12,819964.48570000000,1791613.15740000000,0.00000000000,4.00000000000,1.00000000000,0.00000000000,1.00000000000,0.00000000000
26,2009-09-09,200909,12,824951.74400000000,1794354.99150000000,0.00000000000,3.00000000000,1.00000000000,0.00000000000,1.00000000000,0.00000000000
28,2009-09-09,200909,12,829936.27510000000,1796967.04470000000,0.00000000000,4.00000000000,1.00000000000,1.00000000000,0.00000000000,0.00000000000
30,2009-09-09,200909,12,834641.79110000000,1799574.05580000000,0.00000000000,0.00000000000,1.00000000000,1.00000000000,0.00000000000,0.00000000000
32,2009-09-09,200909,12,839849.66340000000,1802349.60970000000,0.00000000000,0.00000000000,1.00000000000,0.00000000000,0.00000000000,0.00000000000
34,2009-09-09,200909,12,844750.26160000000,1804904.83140000000,0.00000000000,0.00000000000,1.00000000000,1.00000000000,0.00000000000,2.00000000000
37,2009-09-09,200909,12,849819.86020000000,1807620.70070000000,0.00000000000,0.00000000000,1.00000000000,0.00000000000,0.00000000000,0.00000000000
31,2009-09-09,200909,10,809863.35100000000,1800211.93490000000,0.00000000000,0.00000000000,1.00000000000,0.00000000000,1.00000000000,0.00000000000
33,2009-09-09,200909,10,814745.10130000000,1802834.40220000000,0.00000000000,0.00000000000,1.00000000000,0.00000000000,1.00000000000,0.00000000000
35,2009-09-09,200909,10,819699.56690000000,1805513.78310000000,1.00000000000,0.00000000000,1.00000000000,0.00000000000,1.00000000000,0.00000000000
38,2009-09-09,200909,10,824835.05970000000,1808050.57860000000,0.00000000000,0.00000000000,1.00000000000,1.00000000000,0.00000000000,0.00000000000
40,2009-09-09,200909,10,829939.85710000000,1811052.22850000000,2.00000000000,0.00000000000,1.00000000000,1.00000000000,1.00000000000,1.00000000000
42,2009-09-09,200909,10,834634.78230000000,1813502.27030000000,0.00000000000,0.00000000000,1.00000000000,0.00000000000,1.00000000000,0.00000000000
44,2009-09-09,200909,10,839633.81800000000,1816188.08280000000,0.00000000000,0.00000000000,1.00000000000,0.00000000000,0.00000000000,0.00000000000
46,2009-09-09,200909,10,844712.06860000000,1818937.77890000000,0.00000000000,0.00000000000,1.00000000000,1.00000000000,0.00000000000,1.00000000000
48,2009-09-09,200909,10,849545.60360000000,1821545.53810000000,0.00000000000,0.00000000000,1.00000000000,0.00000000000,0.00000000000,0.00000000000
36,2009-09-09,200909,8,794650.65480000000,1806004.58740000000,0.00000000000,0.00000000000,0.00000000000,0.00000000000,0.00000000000,0.00000000000
39,2009-09-09,200909,8,798999.49240000000,1808470.38410000000,0.00000000000,0.00000000000,1.00000000000,0.00000000000,0.00000000000,0.00000000000
41,2009-09-09,200909,8,804473.39720000000,1811251.00650000000,0.00000000000,0.00000000000,1.00000000000,0.00000000000,0.00000000000,0.00000000000
43,2009-09-09,200909,8,809587.51500000000,1813940.58440000000,0.00000000000,0.00000000000,1.00000000000,0.00000000000,0.00000000000,0.00000000000
45,2009-09-09,200909,8,814594.15930000000,1816724.18010000000,2.00000000000,0.00000000000,1.00000000000,1.00000000000,1.00000000000,0.00000000000
47,2009-09-09,200909,8,819575.62260000000,1819245.02010000000,2.00000000000,0.00000000000,1.00000000000,0.00000000000,1.00000000000,0.00000000000
49,2009-09-09,200909,8,824385.16490000000,1821782.00250000000,0.00000000000,0.00000000000,1.00000000000,0.00000000000,0.00000000000,0.00000000000
52,2009-09-09,200909,8,829399.54020000000,1824615.72400000000,0.00000000000,0.00000000000,1.00000000000,0.00000000000,0.00000000000,0.00000000000
55,2009-09-09,200909,8,834411.97100000000,1827374.08400000000,2.00000000000,0.00000000000,1.00000000000,0.00000000000,0.00000000000,2.00000000000
57,2009-09-09,200909,8,839357.59820000000,1830008.51220000000,0.00000000000,0.00000000000,1.00000000000,0.00000000000,0.00000000000,2.00000000000
59,2009-09-09,200909,8,843746.89370000000,1832476.44300000000,0.00000000000,0.00000000000,1.00000000000,0.00000000000,1.00000000000,0.00000000000
50,2009-09-09,200909,6,799397.74710000000,1822565.46180000000,0.00000000000,0.00000000000,0.00000000000,0.00000000000,0.00000000000,0.00000000000
53,2009-09-09,200909,6,804623.12200000000,1825224.30070000000,0.00000000000,0.00000000000,0.00000000000,1.00000000000,1.00000000000,0.00000000000
56,2009-09-09,200909,6,809332.17980000000,1827773.96360000000,0.00000000000,0.00000000000,1.00000000000,1.00000000000,1.00000000000,1.00000000000
58,2009-09-09,200909,6,814341.13480000000,1830502.20500000000,0.00000000000,0.00000000000,1.00000000000,1.00000000000,0.00000000000,0.00000000000
60,2009-09-09,200909,6,819464.06080000000,1833262.18880000000,0.00000000000,0.00000000000,1.00000000000,0.00000000000,0.00000000000,1.00000000000
61,2009-09-09,200909,6,824276.41900000000,1835807.75390000000,1.00000000000,0.00000000000,1.00000000000,0.00000000000,0.00000000000,0.00000000000
62,2009-09-09,200909,6,829344.44260000000,1838436.87100000000,0.00000000000,0.00000000000,1.00000000000,1.00000000000,0.00000000000,0.00000000000
63,2009-09-09,200909,6,834316.83490000000,1841034.33020000000,4.00000000000,0.00000000000,1.00000000000,0.00000000000,0.00000000000,0.00000000000
64,2009-09-09,200909,6,839278.36760000000,1843787.52550000000,0.00000000000,0.00000000000,1.00000000000,0.00000000000,0.00000000000,0.00000000000
109,2009-09-09,200909,6,794506.81750000000,1819797.77900000000,0.00000000000,0.00000000000,0.00000000000,0.00000000000,0.00000000000,0.00000000000
110,2009-09-09,200909,6,789521.00730000000,1817206.63000000000,0.00000000000,0.00000000000,0.00000000000,0.00000000000,0.00000000000,0.00000000000
13,2009-12-13,200912,23,825358.11930000000,1773471.76470000000,0.00000000000,136.00000000000,0.00000000000,0.00000000000,0.00000000000,0.00000000000
14,2009-12-13,200912,23,830041.77790000000,1776055.00890000000,0.00000000000,54.00000000000,0.00000000000,0.00000000000,0.00000000000,0.00000000000
15,2009-12-13,200912,23,835354.54620000000,1779007.17470000000,0.00000000000,126.00000000000,0.00000000000,0.00000000000,0.00000000000,2.00000000000
17,2009-12-13,200912,23,840738.95310000000,1781911.58730000000,0.00000000000,0.00000000000,0.00000000000,0.00000000000,0.00000000000,8.00000000000
19,2009-12-13,200912,23,845644.09040000000,1784586.99620000000,0.00000000000,4.00000000000,0.00000000000,0.00000000000,0.00000000000,9.00000000000
21,2009-12-13,200912,23,850099.98900000000,1787353.05810000000,0.00000000000,2.00000000000,0.00000000000,0.00000000000,1.00000000000,2.00000000000
16,2009-12-13,200912,12,800058.75750000000,1780977.71250000000,0.00000000000,54.00000000000,0.00000000000,0.00000000000,1.00000000000,0.00000000000
18,2009-12-13,200912,12,805058.92040000000,1783687.19080000000,0.00000000000,60.00000000000,0.00000000000,1.00000000000,1.00000000000,0.00000000000
20,2009-12-13,200912,12,809524.55280000000,1786050.59340000000,2.00000000000,68.00000000000,0.00000000000,1.00000000000,1.00000000000,0.00000000000
22,2009-12-13,200912,12,814934.73010000000,1788976.51710000000,0.00000000000,50.00000000000,0.00000000000,1.00000000000,1.00000000000,1.00000000000
24,2009-12-13,200912,12,819964.48570000000,1791613.15740000000,2.00000000000,16.00000000000,1.00000000000,1.00000000000,1.00000000000,0.00000000000
26,2009-12-13,200912,12,824951.74400000000,1794354.99150000000,0.00000000000,20.00000000000,1.00000000000,1.00000000000,1.00000000000,0.00000000000
28,2009-12-13,200912,12,829936.27510000000,1796967.04470000000,0.00000000000,6.00000000000,1.00000000000,1.00000000000,1.00000000000,0.00000000000
30,2009-12-13,200912,12,834641.79110000000,1799574.05580000000,0.00000000000,20.00000000000,1.00000000000,0.00000000000,1.00000000000,1.00000000000
32,2009-12-13,200912,12,839849.66340000000,1802349.60970000000,0.00000000000,0.00000000000,1.00000000000,1.00000000000,0.00000000000,1.00000000000
34,2009-12-13,200912,12,844750.26160000000,1804904.83140000000,0.00000000000,0.00000000000,1.00000000000,1.00000000000,1.00000000000,3.00000000000
37,2009-12-13,200912,12,849819.86020000000,1807620.70070000000,0.00000000000,0.00000000000,1.00000000000,1.00000000000,0.00000000000,2.00000000000
31,2009-12-13,200912,10,809863.35100000000,1800211.93490000000,2.00000000000,11.00000000000,0.00000000000,0.00000000000,1.00000000000,0.00000000000
33,2009-12-13,200912,10,814745.10130000000,1802834.40220000000,0.00000000000,12.00000000000,1.00000000000,0.00000000000,1.00000000000,0.00000000000
35,2009-12-13,200912,10,819699.56690000000,1805513.78310000000,35.00000000000,14.00000000000,1.00000000000,1.00000000000,1.00000000000,0.00000000000
38,2009-12-13,200912,10,824835.05970000000,1808050.57860000000,0.00000000000,18.00000000000,0.00000000000,1.00000000000,1.00000000000,0.00000000000
40,2009-12-13,200912,10,829939.85710000000,1811052.22850000000,2.00000000000,18.00000000000,1.00000000000,1.00000000000,1.00000000000,3.00000000000
42,2009-12-13,200912,10,834634.78230000000,1813502.27030000000,0.00000000000,4.00000000000,1.00000000000,1.00000000000,1.00000000000,6.00000000000
44,2009-12-13,200912,10,839633.81800000000,1816188.08280000000,0.00000000000,0.00000000000,1.00000000000,0.00000000000,1.00000000000,6.00000000000
46,2009-12-13,200912,10,844712.06860000000,1818937.77890000000,0.00000000000,0.00000000000,0.00000000000,1.00000000000,1.00000000000,3.00000000000
48,2009-12-13,200912,10,849545.60360000000,1821545.53810000000,0.00000000000,0.00000000000,0.00000000000,1.00000000000,0.00000000000,2.00000000000
36,2009-12-13,200912,8,794650.65480000000,1806004.58740000000,0.00000000000,0.00000000000,0.00000000000,0.00000000000,0.00000000000,0.00000000000
39,2009-12-13,200912,8,798999.49240000000,1808470.38410000000,0.00000000000,0.00000000000,1.00000000000,0.00000000000,0.00000000000,0.00000000000
41,2009-12-13,200912,8,804473.39720000000,1811251.00650000000,6.00000000000,0.00000000000,1.00000000000,0.00000000000,0.00000000000,0.00000000000
43,2009-12-13,200912,8,809587.51500000000,1813940.58440000000,0.00000000000,0.00000000000,1.00000000000,1.00000000000,0.00000000000,0.00000000000
45,2009-12-13,200912,8,814594.15930000000,1816724.18010000000,0.00000000000,2.00000000000,0.00000000000,0.00000000000,0.00000000000,0.00000000000
47,2009-12-13,200912,8,819575.62260000000,1819245.02010000000,2.00000000000,0.00000000000,1.00000000000,1.00000000000,1.00000000000,0.00000000000
49,2009-12-13,200912,8,824385.16490000000,1821782.00250000000,2.00000000000,0.00000000000,0.00000000000,0.00000000000,0.00000000000,1.00000000000
52,2009-12-13,200912,8,829399.54020000000,1824615.72400000000,4.00000000000,0.00000000000,1.00000000000,1.00000000000,0.00000000000,3.00000000000
55,2009-12-13,200912,8,834411.97100000000,1827374.08400000000,0.00000000000,0.00000000000,0.00000000000,0.00000000000,0.00000000000,2.00000000000
57,2009-12-13,200912,8,839357.59820000000,1830008.51220000000,0.00000000000,0.00000000000,1.00000000000,1.00000000000,0.00000000000,3.00000000000
59,2009-12-13,200912,8,843746.89370000000,1832476.44300000000,4.00000000000,0.00000000000,1.00000000000,1.00000000000,1.00000000000,7.00000000000
50,2009-12-13,200912,6,799397.74710000000,1822565.46180000000,42.00000000000,0.00000000000,1.00000000000,1.00000000000,1.00000000000,0.00000000000
53,2009-12-13,200912,6,804623.12200000000,1825224.30070000000,8.00000000000,2.00000000000,1.00000000000,1.00000000000,1.00000000000,0.00000000000
56,2009-12-13,200912,6,809332.17980000000,1827773.96360000000,8.00000000000,0.00000000000,1.00000000000,1.00000000000,1.00000000000,1.00000000000
58,2009-12-13,200912,6,814341.13480000000,1830502.20500000000,0.00000000000,0.00000000000,1.00000000000,1.00000000000,1.00000000000,0.00000000000
60,2009-12-13,200912,6,819464.06080000000,1833262.18880000000,2.00000000000,0.00000000000,1.00000000000,0.00000000000,0.00000000000,2.00000000000
61,2009-12-13,200912,6,824276.41900000000,1835807.75390000000,0.00000000000,0.00000000000,1.00000000000,1.00000000000,0.00000000000,1.00000000000
62,2009-12-13,200912,6,829344.44260000000,1838436.87100000000,0.00000000000,0.00000000000,0.00000000000,0.00000000000,0.00000000000,0.00000000000
63,2009-12-13,200912,6,834316.83490000000,1841034.33020000000,0.00000000000,0.00000000000,1.00000000000,1.00000000000,1.00000000000,0.00000000000
64,2009-12-13,200912,6,839278.36760000000,1843787.52550000000,2.00000000000,0.00000000000,1.00000000000,1.00000000000,0.00000000000,0.00000000000
109,2009-12-13,200912,6,794506.81750000000,1819797.77900000000,26.00000000000,26.00000000000,1.00000000000,1.00000000000,1.00000000000,0.00000000000
110,2009-12-13,200912,6,789521.00730000000,1817206.63000000000,0.00000000000,18.00000000000,1.00000000000,1.00000000000,1.00000000000,0.00000000000
13,2010-04-05,201004,23,825358.11930000000,1773471.76470000000,0.00000000000,22.00000000000,0.00000000000,0.00000000000,0.00000000000,0.00000000000
14,2010-04-05,201004,23,830041.77790000000,1776055.00890000000,0.00000000000,15.00000000000,0.00000000000,0.00000000000,0.00000000000,0.00000000000
15,2010-04-05,201004,23,835354.54620000000,1779007.17470000000,0.00000000000,7.00000000000,0.00000000000,0.00000000000,0.00000000000,1.00000000000
17,2010-04-05,201004,23,840738.95310000000,1781911.58730000000,0.00000000000,0.00000000000,0.00000000000,0.00000000000,0.00000000000,2.00000000000
19,2010-04-05,201004,23,845644.09040000000,1784586.99620000000,0.00000000000,0.00000000000,0.00000000000,0.00000000000,0.00000000000,5.00000000000
21,2010-04-05,201004,23,850099.98900000000,1787353.05810000000,0.00000000000,0.00000000000,0.00000000000,0.00000000000,0.00000000000,2.00000000000
16,2010-04-05,201004,12,800058.75750000000,1780977.71250000000,8.00000000000,3.00000000000,0.00000000000,0.00000000000,0.00000000000,0.00000000000
18,2010-04-05,201004,12,805058.92040000000,1783687.19080000000,2.00000000000,46.00000000000,0.00000000000,0.00000000000,0.00000000000,0.00000000000
20,2010-04-05,201004,12,809524.55280000000,1786050.59340000000,1.00000000000,10.00000000000,0.00000000000,0.00000000000,0.00000000000,0.00000000000
22,2010-04-05,201004,12,814934.73010000000,1788976.51710000000,0.00000000000,1.00000000000,0.00000000000,0.00000000000,0.00000000000,1.00000000000
24,2010-04-05,201004,12,819964.48570000000,1791613.15740000000,0.00000000000,3.00000000000,0.00000000000,0.00000000000,0.00000000000,0.00000000000
26,2010-04-05,201004,12,824951.74400000000,1794354.99150000000,0.00000000000,2.00000000000,0.00000000000,0.00000000000,0.00000000000,0.00000000000
28,2010-04-05,201004,12,829936.27510000000,1796967.04470000000,0.00000000000,0.00000000000,0.00000000000,0.00000000000,0.00000000000,0.00000000000
30,2010-04-05,201004,12,834641.79110000000,1799574.05580000000,0.00000000000,0.00000000000,0.00000000000,0.00000000000,0.00000000000,0.00000000000
32,2010-04-05,201004,12,839849.66340000000,1802349.60970000000,0.00000000000,0.00000000000,0.00000000000,0.00000000000,0.00000000000,1.00000000000
34,2010-04-05,201004,12,844750.26160000000,1804904.83140000000,0.00000000000,0.00000000000,0.00000000000,0.00000000000,0.00000000000,4.00000000000
37,2010-04-05,201004,12,849819.86020000000,1807620.70070000000,0.00000000000,0.00000000000,0.00000000000,0.00000000000,0.00000000000,5.00000000000
31,2010-04-05,201004,10,809863.35100000000,1800211.93490000000,0.00000000000,0.00000000000,0.00000000000,0.00000000000,0.00000000000,0.00000000000
33,2010-04-05,201004,10,814745.10130000000,1802834.40220000000,0.00000000000,5.00000000000,0.00000000000,0.00000000000,0.00000000000,0.00000000000
35,2010-04-05,201004,10,819699.56690000000,1805513.78310000000,0.00000000000,0.00000000000,0.00000000000,0.00000000000,0.00000000000,0.00000000000
38,2010-04-05,201004,10,824835.05970000000,1808050.57860000000,0.00000000000,0.00000000000,0.00000000000,0.00000000000,0.00000000000,0.00000000000
40,2010-04-05,201004,10,829939.85710000000,1811052.22850000000,1.00000000000,0.00000000000,0.00000000000,0.00000000000,0.00000000000,1.00000000000
42,2010-04-05,201004,10,834634.78230000000,1813502.27030000000,0.00000000000,3.00000000000,0.00000000000,0.00000000000,0.00000000000,1.00000000000
44,2010-04-05,201004,10,839633.81800000000,1816188.08280000000,0.00000000000,0.00000000000,0.00000000000,0.00000000000,0.00000000000,2.00000000000
46,2010-04-05,201004,10,844712.06860000000,1818937.77890000000,0.00000000000,0.00000000000,0.00000000000,0.00000000000,0.00000000000,1.00000000000
48,2010-04-05,201004,10,849545.60360000000,1821545.53810000000,0.00000000000,0.00000000000,0.00000000000,0.00000000000,0.00000000000,0.00000000000
36,2010-04-05,201004,8,794650.65480000000,1806004.58740000000,0.00000000000,0.00000000000,0.00000000000,0.00000000000,0.00000000000,0.00000000000
39,2010-04-05,201004,8,798999.49240000000,1808470.38410000000,0.00000000000,0.00000000000,0.00000000000,0.00000000000,0.00000000000,0.00000000000
41,2010-04-05,201004,8,804473.39720000000,1811251.00650000000,0.00000000000,0.00000000000,0.00000000000,0.00000000000,0.00000000000,0.00000000000
43,2010-04-05,201004,8,809587.51500000000,1813940.58440000000,0.00000000000,0.00000000000,0.00000000000,0.00000000000,0.00000000000,0.00000000000
45,2010-04-05,201004,8,814594.15930000000,1816724.18010000000,0.00000000000,0.00000000000,0.00000000000,0.00000000000,0.00000000000,0.00000000000
47,2010-04-05,201004,8,819575.62260000000,1819245.02010000000,0.00000000000,0.00000000000,0.00000000000,0.00000000000,0.00000000000,0.00000000000
49,2010-04-05,201004,8,824385.16490000000,1821782.00250000000,0.00000000000,0.00000000000,0.00000000000,0.00000000000,0.00000000000,0.00000000000
52,2010-04-05,201004,8,829399.54020000000,1824615.72400000000,0.00000000000,0.00000000000,0.00000000000,0.00000000000,0.00000000000,0.00000000000
55,2010-04-05,201004,8,834411.97100000000,1827374.08400000000,0.00000000000,0.00000000000,0.00000000000,0.00000000000,0.00000000000,2.00000000000
57,2010-04-05,201004,8,839357.59820000000,1830008.51220000000,0.00000000000,0.00000000000,0.00000000000,0.00000000000,0.00000000000,0.00000000000
59,2010-04-05,201004,8,843746.89370000000,1832476.44300000000,0.00000000000,0.00000000000,0.00000000000,0.00000000000,0.00000000000,3.00000000000
50,2010-04-05,201004,6,799397.74710000000,1822565.46180000000,0.00000000000,0.00000000000,0.00000000000,0.00000000000,0.00000000000,0.00000000000
53,2010-04-05,201004,6,804623.12200000000,1825224.30070000000,0.00000000000,0.00000000000,0.00000000000,0.00000000000,0.00000000000,0.00000000000
56,2010-04-05,201004,6,809332.17980000000,1827773.96360000000,0.00000000000,0.00000000000,0.00000000000,0.00000000000,0.00000000000,1.00000000000
58,2010-04-05,201004,6,814341.13480000000,1830502.20500000000,0.00000000000,0.00000000000,0.00000000000,0.00000000000,0.00000000000,0.00000000000
60,2010-04-05,201004,6,819464.06080000000,1833262.18880000000,0.00000000000,0.00000000000,0.00000000000,0.00000000000,0.00000000000,0.00000000000
61,2010-04-05,201004,6,824276.41900000000,1835807.75390000000,0.00000000000,0.00000000000,0.00000000000,0.00000000000,0.00000000000,0.00000000000
62,2010-04-05,201004,6,829344.44260000000,1838436.87100000000,0.00000000000,0.00000000000,0.00000000000,0.00000000000,0.00000000000,0.00000000000
63,2010-04-05,201004,6,834316.83490000000,1841034.33020000000,0.00000000000,0.00000000000,0.00000000000,0.00000000000,0.00000000000,0.00000000000
64,2010-04-05,201004,6,839278.36760000000,1843787.52550000000,0.00000000000,0.00000000000,0.00000000000,0.00000000000,0.00000000000,0.00000000000
109,2010-04-05,201004,6,794506.81750000000,1819797.77900000000,0.00000000000,0.00000000000,0.00000000000,0.00000000000,0.00000000000,0.00000000000
110,2010-04-05,201004,6,789521.00730000000,1817206.63000000000,0.00000000000,0.00000000000,0.00000000000,0.00000000000,0.00000000000,0.00000000000
13,2010-06-30,201006,23,825358.11930000000,1773471.76470000000,0.00000000000,1.00000000000,0.00000000000,0.00000000000,1.00000000000,0.00000000000
14,2010-06-30,201006,23,830041.77790000000,1776055.00890000000,0.00000000000,0.00000000000,0.00000000000,0.00000000000,1.00000000000,0.00000000000
15,2010-06-30,201006,23,835354.54620000000,1779007.17470000000,0.00000000000,5.00000000000,0.00000000000,0.00000000000,0.00000000000,3.00000000000
17,2010-06-30,201006,23,840738.95310000000,1781911.58730000000,0.00000000000,0.00000000000,0.00000000000,0.00000000000,0.00000000000,0.00000000000
19,2010-06-30,201006,23,845644.09040000000,1784586.99620000000,0.00000000000,0.00000000000,0.00000000000,0.00000000000,0.00000000000,1.00000000000
21,2010-06-30,201006,23,850099.98900000000,1787353.05810000000,0.00000000000,0.00000000000,0.00000000000,1.00000000000,1.00000000000,0.00000000000
16,2010-06-30,201006,12,800058.75750000000,1780977.71250000000,1.00000000000,0.00000000000,0.00000000000,1.00000000000,1.00000000000,0.00000000000
18,2010-06-30,201006,12,805058.92040000000,1783687.19080000000,0.00000000000,13.00000000000,1.00000000000,1.00000000000,1.00000000000,0.00000000000
20,2010-06-30,201006,12,809524.55280000000,1786050.59340000000,0.00000000000,8.00000000000,0.00000000000,1.00000000000,1.00000000000,0.00000000000
22,2010-06-30,201006,12,814934.73010000000,1788976.51710000000,0.00000000000,0.00000000000,1.00000000000,1.00000000000,1.00000000000,1.00000000000
24,2010-06-30,201006,12,819964.48570000000,1791613.15740000000,0.00000000000,8.00000000000,1.00000000000,1.00000000000,1.00000000000,0.00000000000
26,2010-06-30,201006,12,824951.74400000000,1794354.99150000000,1.00000000000,0.00000000000,1.00000000000,1.00000000000,1.00000000000,0.00000000000
28,2010-06-30,201006,12,829936.27510000000,1796967.04470000000,0.00000000000,2.00000000000,1.00000000000,1.00000000000,1.00000000000,2.00000000000
30,2010-06-30,201006,12,834641.79110000000,1799574.05580000000,0.00000000000,3.00000000000,1.00000000000,1.00000000000,1.00000000000,3.00000000000
32,2010-06-30,201006,12,839849.66340000000,1802349.60970000000,0.00000000000,0.00000000000,1.00000000000,1.00000000000,0.00000000000,7.00000000000
34,2010-06-30,201006,12,844750.26160000000,1804904.83140000000,0.00000000000,0.00000000000,1.00000000000,1.00000000000,0.00000000000,0.00000000000
37,2010-06-30,201006,12,849819.86020000000,1807620.70070000000,0.00000000000,0.00000000000,1.00000000000,1.00000000000,0.00000000000,1.00000000000
31,2010-06-30,201006,10,809863.35100000000,1800211.93490000000,1.00000000000,0.00000000000,1.00000000000,1.00000000000,1.00000000000,0.00000000000
33,2010-06-30,201006,10,814745.10130000000,1802834.40220000000,0.00000000000,0.00000000000,1.00000000000,1.00000000000,1.00000000000,0.00000000000
35,2010-06-30,201006,10,819699.56690000000,1805513.78310000000,0.00000000000,0.00000000000,1.00000000000,1.00000000000,1.00000000000,0.00000000000
38,2010-06-30,201006,10,824835.05970000000,1808050.57860000000,0.00000000000,0.00000000000,1.00000000000,1.00000000000,1.00000000000,3.00000000000
40,2010-06-30,201006,10,829939.85710000000,1811052.22850000000,0.00000000000,0.00000000000,1.00000000000,1.00000000000,1.00000000000,6.00000000000
42,2010-06-30,201006,10,834634.78230000000,1813502.27030000000,0.00000000000,0.00000000000,1.00000000000,1.00000000000,1.00000000000,6.00000000000
44,2010-06-30,201006,10,839633.81800000000,1816188.08280000000,0.00000000000,1.00000000000,1.00000000000,1.00000000000,1.00000000000,2.00000000000
46,2010-06-30,201006,10,844712.06860000000,1818937.77890000000,0.00000000000,0.00000000000,1.00000000000,1.00000000000,1.00000000000,2.00000000000
48,2010-06-30,201006,10,849545.60360000000,1821545.53810000000,0.00000000000,0.00000000000,1.00000000000,0.00000000000,0.00000000000,0.00000000000
36,2010-06-30,201006,8,794650.65480000000,1806004.58740000000,0.00000000000,0.00000000000,1.00000000000,0.00000000000,0.00000000000,0.00000000000
39,2010-06-30,201006,8,798999.49240000000,1808470.38410000000,0.00000000000,0.00000000000,1.00000000000,0.00000000000,0.00000000000,0.00000000000
41,2010-06-30,201006,8,804473.39720000000,1811251.00650000000,0.00000000000,0.00000000000,1.00000000000,0.00000000000,0.00000000000,0.00000000000
43,2010-06-30,201006,8,809587.51500000000,1813940.58440000000,0.00000000000,0.00000000000,1.00000000000,0.00000000000,0.00000000000,0.00000000000
45,2010-06-30,201006,8,814594.15930000000,1816724.18010000000,0.00000000000,0.00000000000,1.00000000000,1.00000000000,0.00000000000,0.00000000000
47,2010-06-30,201006,8,819575.62260000000,1819245.02010000000,1.00000000000,0.00000000000,1.00000000000,1.00000000000,1.00000000000,1.00000000000
49,2010-06-30,201006,8,824385.16490000000,1821782.00250000000,0.00000000000,0.00000000000,1.00000000000,0.00000000000,1.00000000000,1.00000000000
52,2010-06-30,201006,8,829399.54020000000,1824615.72400000000,0.00000000000,0.00000000000,1.00000000000,1.00000000000,0.00000000000,2.00000000000
55,2010-06-30,201006,8,834411.97100000000,1827374.08400000000,0.00000000000,0.00000000000,1.00000000000,1.00000000000,0.00000000000,2.00000000000
57,2010-06-30,201006,8,839357.59820000000,1830008.51220000000,0.00000000000,0.00000000000,1.00000000000,0.00000000000,0.00000000000,6.00000000000
59,2010-06-30,201006,8,843746.89370000000,1832476.44300000000,0.00000000000,0.00000000000,1.00000000000,1.00000000000,1.00000000000,5.00000000000
50,2010-06-30,201006,6,799397.74710000000,1822565.46180000000,0.00000000000,0.00000000000,1.00000000000,0.00000000000,1.00000000000,0.00000000000
53,2010-06-30,201006,6,804623.12200000000,1825224.30070000000,0.00000000000,1.00000000000,0.00000000000,1.00000000000,1.00000000000,0.00000000000
56,2010-06-30,201006,6,809332.17980000000,1827773.96360000000,0.00000000000,0.00000000000,1.00000000000,1.00000000000,1.00000000000,0.00000000000
58,2010-06-30,201006,6,814341.13480000000,1830502.20500000000,0.00000000000,0.00000000000,1.00000000000,1.00000000000,1.00000000000,0.00000000000
60,2010-06-30,201006,6,819464.06080000000,1833262.18880000000,0.00000000000,0.00000000000,1.00000000000,0.00000000000,0.00000000000,0.00000000000
61,2010-06-30,201006,6,824276.41900000000,1835807.75390000000,1.00000000000,0.00000000000,1.00000000000,0.00000000000,0.00000000000,1.00000000000
62,2010-06-30,201006,6,829344.44260000000,1838436.87100000000,1.00000000000,0.00000000000,1.00000000000,1.00000000000,1.00000000000,1.00000000000
63,2010-06-30,201006,6,834316.83490000000,1841034.33020000000,0.00000000000,0.00000000000,1.00000000000,1.00000000000,1.00000000000,2.00000000000
64,2010-06-30,201006,6,839278.36760000000,1843787.52550000000,0.00000000000,0.00000000000,1.00000000000,1.00000000000,1.00000000000,0.00000000000
109,2010-06-30,201006,6,794506.81750000000,1819797.77900000000,0.00000000000,0.00000000000,1.00000000000,0.00000000000,1.00000000000,0.00000000000
110,2010-06-30,201006,6,789521.00730000000,1817206.63000000000,0.00000000000,1.00000000000,1.00000000000,1.00000000000,0.00000000000,0.00000000000
13,2010-10-01,201009,23,825358.11930000000,1773471.76470000000,0.00000000000,0.00000000000,0.00000000000,1.00000000000,0.00000000000,0.00000000000
14,2010-10-01,201009,23,830041.77790000000,1776055.00890000000,0.00000000000,1.00000000000,0.00000000000,1.00000000000,0.00000000000,1.00000000000
15,2010-10-01,201009,23,835354.54620000000,1779007.17470000000,0.00000000000,2.00000000000,0.00000000000,1.00000000000,0.00000000000,1.00000000000
17,2010-10-01,201009,23,840738.95310000000,1781911.58730000000,0.00000000000,0.00000000000,0.00000000000,0.00000000000,0.00000000000,7.00000000000
19,2010-10-01,201009,23,845644.09040000000,1784586.99620000000,1.00000000000,0.00000000000,0.00000000000,0.00000000000,0.00000000000,4.00000000000
21,2010-10-01,201009,23,850099.98900000000,1787353.05810000000,0.00000000000,0.00000000000,0.00000000000,1.00000000000,1.00000000000,3.00000000000
16,2010-10-01,201009,12,800058.75750000000,1780977.71250000000,24.00000000000,0.00000000000,0.00000000000,1.00000000000,1.00000000000,0.00000000000
18,2010-10-01,201009,12,805058.92040000000,1783687.19080000000,0.00000000000,0.00000000000,0.00000000000,1.00000000000,1.00000000000,0.00000000000
20,2010-10-01,201009,12,809524.55280000000,1786050.59340000000,0.00000000000,2.00000000000,0.00000000000,1.00000000000,1.00000000000,0.00000000000
22,2010-10-01,201009,12,814934.73010000000,1788976.51710000000,0.00000000000,0.00000000000,1.00000000000,1.00000000000,1.00000000000,1.00000000000
24,2010-10-01,201009,12,819964.48570000000,1791613.15740000000,0.00000000000,0.00000000000,1.00000000000,1.00000000000,1.00000000000,1.00000000000
26,2010-10-01,201009,12,824951.74400000000,1794354.99150000000,0.00000000000,0.00000000000,1.00000000000,1.00000000000,1.00000000000,1.00000000000
28,2010-10-01,201009,12,829936.27510000000,1796967.04470000000,0.00000000000,0.00000000000,1.00000000000,1.00000000000,1.00000000000,8.00000000000
30,2010-10-01,201009,12,834641.79110000000,1799574.05580000000,0.00000000000,0.00000000000,1.00000000000,1.00000000000,1.00000000000,16.00000000000
32,2010-10-01,201009,12,839849.66340000000,1802349.60970000000,0.00000000000,0.00000000000,0.00000000000,0.00000000000,0.00000000000,13.00000000000
34,2010-10-01,201009,12,844750.26160000000,1804904.83140000000,0.00000000000,0.00000000000,0.00000000000,0.00000000000,0.00000000000,12.00000000000
37,2010-10-01,201009,12,849819.86020000000,1807620.70070000000,0.00000000000,0.00000000000,0.00000000000,0.00000000000,0.00000000000,2.00000000000
31,2010-10-01,201009,10,809863.35100000000,1800211.93490000000,0.00000000000,0.00000000000,1.00000000000,1.00000000000,1.00000000000,0.00000000000
33,2010-10-01,201009,10,814745.10130000000,1802834.40220000000,0.00000000000,0.00000000000,1.00000000000,1.00000000000,1.00000000000,0.00000000000
35,2010-10-01,201009,10,819699.56690000000,1805513.78310000000,0.00000000000,0.00000000000,1.00000000000,1.00000000000,1.00000000000,0.00000000000
38,2010-10-01,201009,10,824835.05970000000,1808050.57860000000,0.00000000000,0.00000000000,1.00000000000,1.00000000000,1.00000000000,3.00000000000
40,2010-10-01,201009,10,829939.85710000000,1811052.22850000000,0.00000000000,0.00000000000,0.00000000000,0.00000000000,0.00000000000,12.00000000000
42,2010-10-01,201009,10,834634.78230000000,1813502.27030000000,0.00000000000,0.00000000000,1.00000000000,1.00000000000,1.00000000000,13.00000000000
44,2010-10-01,201009,10,839633.81800000000,1816188.08280000000,0.00000000000,0.00000000000,1.00000000000,1.00000000000,1.00000000000,4.00000000000
46,2010-10-01,201009,10,844712.06860000000,1818937.77890000000,0.00000000000,0.00000000000,0.00000000000,1.00000000000,1.00000000000,3.00000000000
48,2010-10-01,201009,10,849545.60360000000,1821545.53810000000,0.00000000000,0.00000000000,0.00000000000,1.00000000000,1.00000000000,0.00000000000
36,2010-10-01,201009,8,794650.65480000000,1806004.58740000000,0.00000000000,0.00000000000,1.00000000000,0.00000000000,0.00000000000,0.00000000000
39,2010-10-01,201009,8,798999.49240000000,1808470.38410000000,0.00000000000,0.00000000000,1.00000000000,0.00000000000,0.00000000000,0.00000000000
41,2010-10-01,201009,8,804473.39720000000,1811251.00650000000,0.00000000000,0.00000000000,1.00000000000,1.00000000000,0.00000000000,0.00000000000
43,2010-10-01,201009,8,809587.51500000000,1813940.58440000000,0.00000000000,0.00000000000,1.00000000000,1.00000000000,0.00000000000,0.00000000000
45,2010-10-01,201009,8,814594.15930000000,1816724.18010000000,0.00000000000,0.00000000000,1.00000000000,1.00000000000,0.00000000000,0.00000000000
47,2010-10-01,201009,8,819575.62260000000,1819245.02010000000,0.00000000000,0.00000000000,1.00000000000,1.00000000000,0.00000000000,2.00000000000
49,2010-10-01,201009,8,824385.16490000000,1821782.00250000000,0.00000000000,0.00000000000,0.00000000000,0.00000000000,0.00000000000,1.00000000000
52,2010-10-01,201009,8,829399.54020000000,1824615.72400000000,0.00000000000,0.00000000000,1.00000000000,0.00000000000,0.00000000000,6.00000000000
55,2010-10-01,201009,8,834411.97100000000,1827374.08400000000,0.00000000000,0.00000000000,1.00000000000,1.00000000000,0.00000000000,6.00000000000
57,2010-10-01,201009,8,839357.59820000000,1830008.51220000000,0.00000000000,0.00000000000,1.00000000000,1.00000000000,0.00000000000,4.00000000000
59,2010-10-01,201009,8,843746.89370000000,1832476.44300000000,0.00000000000,0.00000000000,1.00000000000,1.00000000000,0.00000000000,5.00000000000
50,2010-10-01,201009,6,799397.74710000000,1822565.46180000000,0.00000000000,0.00000000000,1.00000000000,1.00000000000,1.00000000000,0.00000000000
53,2010-10-01,201009,6,804623.12200000000,1825224.30070000000,0.00000000000,0.00000000000,1.00000000000,1.00000000000,1.00000000000,0.00000000000
56,2010-10-01,201009,6,809332.17980000000,1827773.96360000000,0.00000000000,0.00000000000,1.00000000000,1.00000000000,1.00000000000,1.00000000000
58,2010-10-01,201009,6,814341.13480000000,1830502.20500000000,0.00000000000,0.00000000000,1.00000000000,1.00000000000,1.00000000000,0.00000000000
60,2010-10-01,201009,6,819464.06080000000,1833262.18880000000,0.00000000000,0.00000000000,1.00000000000,0.00000000000,0.00000000000,0.00000000000
61,2010-10-01,201009,6,824276.41900000000,1835807.75390000000,0.00000000000,0.00000000000,0.00000000000,1.00000000000,0.00000000000,2.00000000000
62,2010-10-01,201009,6,829344.44260000000,1838436.87100000000,0.00000000000,0.00000000000,1.00000000000,1.00000000000,0.00000000000,10.00000000000
63,2010-10-01,201009,6,834316.83490000000,1841034.33020000000,0.00000000000,0.00000000000,1.00000000000,1.00000000000,0.00000000000,2.00000000000
64,2010-10-01,201009,6,839278.36760000000,1843787.52550000000,1.00000000000,0.00000000000,1.00000000000,1.00000000000,0.00000000000,1.00000000000
109,2010-10-01,201009,6,794506.81750000000,1819797.77900000000,0.00000000000,0.00000000000,1.00000000000,1.00000000000,1.00000000000,0.00000000000
110,2010-10-01,201009,6,789521.00730000000,1817206.63000000000,0.00000000000,6.00000000000,1.00000000000,1.00000000000,1.00000000000,0.00000000000
13,2010-12-27,201012,23,825358.11930000000,1773471.76470000000,0.00000000000,0.00000000000,0.00000000000,0.00000000000,1.00000000000,0.00000000000
14,2010-12-27,201012,23,830041.77790000000,1776055.00890000000,0.00000000000,0.00000000000,0.00000000000,0.00000000000,1.00000000000,0.00000000000
15,2010-12-27,201012,23,835354.54620000000,1779007.17470000000,0.00000000000,0.00000000000,0.00000000000,0.00000000000,1.00000000000,9.00000000000
17,2010-12-27,201012,23,840738.95310000000,1781911.58730000000,0.00000000000,1.00000000000,0.00000000000,0.00000000000,0.00000000000,17.00000000000
19,2010-12-27,201012,23,845644.09040000000,1784586.99620000000,0.00000000000,0.00000000000,0.00000000000,0.00000000000,0.00000000000,10.00000000000
21,2010-12-27,201012,23,850099.98900000000,1787353.05810000000,0.00000000000,0.00000000000,0.00000000000,1.00000000000,1.00000000000,6.00000000000
16,2010-12-27,201012,12,800058.75750000000,1780977.71250000000,0.00000000000,1.00000000000,0.00000000000,1.00000000000,1.00000000000,0.00000000000
18,2010-12-27,201012,12,805058.92040000000,1783687.19080000000,0.00000000000,1.00000000000,0.00000000000,0.00000000000,0.00000000000,0.00000000000
20,2010-12-27,201012,12,809524.55280000000,1786050.59340000000,0.00000000000,2.00000000000,1.00000000000,1.00000000000,1.00000000000,0.00000000000
22,2010-12-27,201012,12,814934.73010000000,1788976.51710000000,0.00000000000,1.00000000000,1.00000000000,1.00000000000,1.00000000000,1.00000000000
24,2010-12-27,201012,12,819964.48570000000,1791613.15740000000,0.00000000000,1.00000000000,1.00000000000,1.00000000000,1.00000000000,0.00000000000
26,2010-12-27,201012,12,824951.74400000000,1794354.99150000000,0.00000000000,5.00000000000,1.00000000000,1.00000000000,1.00000000000,0.00000000000
28,2010-12-27,201012,12,829936.27510000000,1796967.04470000000,0.00000000000,6.00000000000,1.00000000000,1.00000000000,1.00000000000,0.00000000000
30,2010-12-27,201012,12,834641.79110000000,1799574.05580000000,0.00000000000,0.00000000000,1.00000000000,1.00000000000,1.00000000000,0.00000000000
32,2010-12-27,201012,12,839849.66340000000,1802349.60970000000,0.00000000000,0.00000000000,0.00000000000,0.00000000000,0.00000000000,2.00000000000
34,2010-12-27,201012,12,844750.26160000000,1804904.83140000000,0.00000000000,0.00000000000,1.00000000000,1.00000000000,1.00000000000,2.00000000000
37,2010-12-27,201012,12,849819.86020000000,1807620.70070000000,0.00000000000,0.00000000000,1.00000000000,1.00000000000,1.00000000000,0.00000000000
31,2010-12-27,201012,10,809863.35100000000,1800211.93490000000,0.00000000000,0.00000000000,0.00000000000,0.00000000000,0.00000000000,0.00000000000
33,2010-12-27,201012,10,814745.10130000000,1802834.40220000000,0.00000000000,0.00000000000,1.00000000000,1.00000000000,1.00000000000,0.00000000000
35,2010-12-27,201012,10,819699.56690000000,1805513.78310000000,0.00000000000,0.00000000000,1.00000000000,1.00000000000,1.00000000000,0.00000000000
38,2010-12-27,201012,10,824835.05970000000,1808050.57860000000,0.00000000000,0.00000000000,0.00000000000,1.00000000000,1.00000000000,2.00000000000
40,2010-12-27,201012,10,829939.85710000000,1811052.22850000000,0.00000000000,2.00000000000,1.00000000000,1.00000000000,1.00000000000,1.00000000000
42,2010-12-27,201012,10,834634.78230000000,1813502.27030000000,0.00000000000,0.00000000000,1.00000000000,1.00000000000,1.00000000000,5.00000000000
44,2010-12-27,201012,10,839633.81800000000,1816188.08280000000,0.00000000000,0.00000000000,1.00000000000,1.00000000000,1.00000000000,1.00000000000
46,2010-12-27,201012,10,844712.06860000000,1818937.77890000000,0.00000000000,1.00000000000,0.00000000000,1.00000000000,1.00000000000,4.00000000000
48,2010-12-27,201012,10,849545.60360000000,1821545.53810000000,0.00000000000,0.00000000000,0.00000000000,1.00000000000,1.00000000000,1.00000000000
36,2010-12-27,201012,8,794650.65480000000,1806004.58740000000,0.00000000000,0.00000000000,1.00000000000,0.00000000000,0.00000000000,0.00000000000
39,2010-12-27,201012,8,798999.49240000000,1808470.38410000000,0.00000000000,0.00000000000,1.00000000000,0.00000000000,0.00000000000,0.00000000000
41,2010-12-27,201012,8,804473.39720000000,1811251.00650000000,0.00000000000,0.00000000000,1.00000000000,1.00000000000,0.00000000000,0.00000000000
43,2010-12-27,201012,8,809587.51500000000,1813940.58440000000,0.00000000000,0.00000000000,1.00000000000,1.00000000000,1.00000000000,0.00000000000
45,2010-12-27,201012,8,814594.15930000000,1816724.18010000000,0.00000000000,0.00000000000,1.00000000000,1.00000000000,0.00000000000,0.00000000000
47,2010-12-27,201012,8,819575.62260000000,1819245.02010000000,0.00000000000,0.00000000000,1.00000000000,1.00000000000,0.00000000000,3.00000000000
49,2010-12-27,201012,8,824385.16490000000,1821782.00250000000,0.00000000000,0.00000000000,0.00000000000,0.00000000000,0.00000000000,9.00000000000
52,2010-12-27,201012,8,829399.54020000000,1824615.72400000000,0.00000000000,0.00000000000,1.00000000000,1.00000000000,0.00000000000,5.00000000000
55,2010-12-27,201012,8,834411.97100000000,1827374.08400000000,0.00000000000,0.00000000000,1.00000000000,1.00000000000,1.00000000000,4.00000000000
57,2010-12-27,201012,8,839357.59820000000,1830008.51220000000,0.00000000000,0.00000000000,1.00000000000,1.00000000000,1.00000000000,5.00000000000
59,2010-12-27,201012,8,843746.89370000000,1832476.44300000000,0.00000000000,0.00000000000,1.00000000000,1.00000000000,1.00000000000,3.00000000000
50,2010-12-27,201012,6,799397.74710000000,1822565.46180000000,166.00000000000,0.00000000000,1.00000000000,1.00000000000,1.00000000000,0.00000000000
53,2010-12-27,201012,6,804623.12200000000,1825224.30070000000,114.00000000000,0.00000000000,1.00000000000,1.00000000000,1.00000000000,0.00000000000
56,2010-12-27,201012,6,809332.17980000000,1827773.96360000000,44.00000000000,13.00000000000,1.00000000000,1.00000000000,1.00000000000,0.00000000000
58,2010-12-27,201012,6,814341.13480000000,1830502.20500000000,2.00000000000,0.00000000000,1.00000000000,1.00000000000,1.00000000000,0.00000000000
60,2010-12-27,201012,6,819464.06080000000,1833262.18880000000,0.00000000000,0.00000000000,1.00000000000,0.00000000000,0.00000000000,3.00000000000
61,2010-12-27,201012,6,824276.41900000000,1835807.75390000000,0.00000000000,0.00000000000,1.00000000000,0.00000000000,0.00000000000,4.00000000000
62,2010-12-27,201012,6,829344.44260000000,1838436.87100000000,0.00000000000,0.00000000000,0.00000000000,0.00000000000,0.00000000000,3.00000000000
63,2010-12-27,201012,6,834316.83490000000,1841034.33020000000,0.00000000000,0.00000000000,1.00000000000,1.00000000000,0.00000000000,0.00000000000
64,2010-12-27,201012,6,839278.36760000000,1843787.52550000000,0.00000000000,0.00000000000,1.00000000000,1.00000000000,1.00000000000,0.00000000000
109,2010-12-27,201012,6,794506.81750000000,1819797.77900000000,26.00000000000,4.00000000000,1.00000000000,1.00000000000,1.00000000000,0.00000000000
110,2010-12-27,201012,6,789521.00730000000,1817206.63000000000,6.00000000000,0.00000000000,1.00000000000,1.00000000000,1.00000000000,0.00000000000
81,2010-12-27,201012,1,804189.51410000000,1873681.52890000000,0.00000000000,14.00000000000,0.00000000000,0.00000000000,1.00000000000,1.00000000000
83,2010-12-27,201012,1,808868.74590000000,1876481.81770000000,0.00000000000,6.00000000000,1.00000000000,1.00000000000,1.00000000000,3.00000000000
36,2011-03-31,201103,8,794650.65480000000,1806004.58740000000,0.00000000000,0.00000000000,1.00000000000,0.00000000000,0.00000000000,0.00000000000
39,2011-03-31,201103,8,798999.49240000000,1808470.38410000000,0.00000000000,0.00000000000,1.00000000000,0.00000000000,0.00000000000,0.00000000000
41,2011-03-31,201103,8,804473.39720000000,1811251.00650000000,0.00000000000,0.00000000000,1.00000000000,0.00000000000,0.00000000000,0.00000000000
43,2011-03-31,201103,8,809587.51500000000,1813940.58440000000,2.00000000000,0.00000000000,1.00000000000,0.00000000000,1.00000000000,0.00000000000
45,2011-03-31,201103,8,814594.15930000000,1816724.18010000000,0.00000000000,0.00000000000,1.00000000000,0.00000000000,0.00000000000,0.00000000000
47,2011-03-31,201103,8,819575.62260000000,1819245.02010000000,0.00000000000,0.00000000000,1.00000000000,1.00000000000,0.00000000000,1.00000000000
49,2011-03-31,201103,8,824385.16490000000,1821782.00250000000,0.00000000000,0.00000000000,1.00000000000,1.00000000000,0.00000000000,3.00000000000
52,2011-03-31,201103,8,829399.54020000000,1824615.72400000000,0.00000000000,0.00000000000,0.00000000000,0.00000000000,0.00000000000,1.00000000000
55,2011-03-31,201103,8,834411.97100000000,1827374.08400000000,0.00000000000,0.00000000000,1.00000000000,1.00000000000,0.00000000000,1.00000000000
57,2011-03-31,201103,8,839357.59820000000,1830008.51220000000,0.00000000000,0.00000000000,1.00000000000,0.00000000000,0.00000000000,2.00000000000
59,2011-03-31,201103,8,843746.89370000000,1832476.44300000000,0.00000000000,0.00000000000,1.00000000000,1.00000000000,0.00000000000,1.00000000000
50,2011-03-31,201103,6,799397.74710000000,1822565.46180000000,25.00000000000,2.00000000000,1.00000000000,0.00000000000,1.00000000000,0.00000000000
53,2011-03-31,201103,6,804623.12200000000,1825224.30070000000,6.00000000000,4.00000000000,1.00000000000,1.00000000000,1.00000000000,0.00000000000
56,2011-03-31,201103,6,809332.17980000000,1827773.96360000000,6.00000000000,0.00000000000,0.00000000000,0.00000000000,0.00000000000,1.00000000000
58,2011-03-31,201103,6,814341.13480000000,1830502.20500000000,0.00000000000,0.00000000000,1.00000000000,1.00000000000,1.00000000000,0.00000000000
60,2011-03-31,201103,6,819464.06080000000,1833262.18880000000,0.00000000000,0.00000000000,1.00000000000,1.00000000000,0.00000000000,2.00000000000
61,2011-03-31,201103,6,824276.41900000000,1835807.75390000000,0.00000000000,0.00000000000,0.00000000000,1.00000000000,0.00000000000,1.00000000000
62,2011-03-31,201103,6,829344.44260000000,1838436.87100000000,0.00000000000,0.00000000000,0.00000000000,0.00000000000,0.00000000000,3.00000000000
63,2011-03-31,201103,6,834316.83490000000,1841034.33020000000,0.00000000000,0.00000000000,1.00000000000,1.00000000000,1.00000000000,1.00000000000
64,2011-03-31,201103,6,839278.36760000000,1843787.52550000000,0.00000000000,0.00000000000,1.00000000000,0.00000000000,1.00000000000,0.00000000000
109,2011-03-31,201103,6,794506.81750000000,1819797.77900000000,40.00000000000,4.00000000000,1.00000000000,1.00000000000,1.00000000000,0.00000000000
110,2011-03-31,201103,6,789521.00730000000,1817206.63000000000,1.00000000000,14.00000000000,1.00000000000,1.00000000000,1.00000000000,0.00000000000
81,2011-03-31,201103,1,804189.51410000000,1873681.52890000000,0.00000000000,0.00000000000,0.00000000000,1.00000000000,1.00000000000,0.00000000000
83,2011-03-31,201103,1,808868.74590000000,1876481.81770000000,0.00000000000,0.00000000000,0.00000000000,1.00000000000,1.00000000000,1.00000000000
13,2011-07-03,201107,23,825358.11930000000,1773471.76470000000,0.00000000000,0.00000000000,0.00000000000,0.00000000000,0.00000000000,0.00000000000
14,2011-07-03,201107,23,830041.77790000000,1776055.00890000000,0.00000000000,0.00000000000,0.00000000000,0.00000000000,0.00000000000,0.00000000000
15,2011-07-03,201107,23,835354.54620000000,1779007.17470000000,0.00000000000,0.00000000000,0.00000000000,0.00000000000,0.00000000000,0.00000000000
17,2011-07-03,201107,23,840738.95310000000,1781911.58730000000,0.00000000000,0.00000000000,0.00000000000,0.00000000000,0.00000000000,0.00000000000
19,2011-07-03,201107,23,845644.09040000000,1784586.99620000000,0.00000000000,0.00000000000,0.00000000000,0.00000000000,0.00000000000,0.00000000000
21,2011-07-03,201107,23,850099.98900000000,1787353.05810000000,0.00000000000,0.00000000000,0.00000000000,0.00000000000,0.00000000000,0.00000000000
36,2011-07-03,201107,8,794650.65480000000,1806004.58740000000,0.00000000000,0.00000000000,1.00000000000,0.00000000000,0.00000000000,0.00000000000
39,2011-07-03,201107,8,798999.49240000000,1808470.38410000000,0.00000000000,0.00000000000,1.00000000000,0.00000000000,0.00000000000,0.00000000000
41,2011-07-03,201107,8,804473.39720000000,1811251.00650000000,0.00000000000,0.00000000000,1.00000000000,0.00000000000,0.00000000000,0.00000000000
43,2011-07-03,201107,8,809587.51500000000,1813940.58440000000,2.00000000000,0.00000000000,1.00000000000,0.00000000000,1.00000000000,0.00000000000
45,2011-07-03,201107,8,814594.15930000000,1816724.18010000000,0.00000000000,0.00000000000,1.00000000000,1.00000000000,0.00000000000,0.00000000000
47,2011-07-03,201107,8,819575.62260000000,1819245.02010000000,0.00000000000,0.00000000000,1.00000000000,1.00000000000,0.00000000000,1.00000000000
49,2011-07-03,201107,8,824385.16490000000,1821782.00250000000,0.00000000000,0.00000000000,1.00000000000,1.00000000000,0.00000000000,3.00000000000
52,2011-07-03,201107,8,829399.54020000000,1824615.72400000000,0.00000000000,0.00000000000,1.00000000000,1.00000000000,0.00000000000,3.00000000000
55,2011-07-03,201107,8,834411.97100000000,1827374.08400000000,0.00000000000,0.00000000000,1.00000000000,1.00000000000,0.00000000000,4.00000000000
57,2011-07-03,201107,8,839357.59820000000,1830008.51220000000,0.00000000000,0.00000000000,1.00000000000,1.00000000000,0.00000000000,3.00000000000
59,2011-07-03,201107,8,843746.89370000000,1832476.44300000000,0.00000000000,0.00000000000,1.00000000000,0.00000000000,1.00000000000,2.00000000000
50,2011-07-03,201107,6,799397.74710000000,1822565.46180000000,16.00000000000,0.00000000000,1.00000000000,1.00000000000,1.00000000000,0.00000000000
53,2011-07-03,201107,6,804623.12200000000,1825224.30070000000,26.00000000000,9.00000000000,1.00000000000,1.00000000000,1.00000000000,0.00000000000
56,2011-07-03,201107,6,809332.17980000000,1827773.96360000000,7.00000000000,6.00000000000,1.00000000000,1.00000000000,1.00000000000,0.00000000000
58,2011-07-03,201107,6,814341.13480000000,1830502.20500000000,0.00000000000,0.00000000000,0.00000000000,0.00000000000,0.00000000000,0.00000000000
60,2011-07-03,201107,6,819464.06080000000,1833262.18880000000,0.00000000000,0.00000000000,1.00000000000,0.00000000000,0.00000000000,2.00000000000
61,2011-07-03,201107,6,824276.41900000000,1835807.75390000000,0.00000000000,0.00000000000,1.00000000000,1.00000000000,0.00000000000,0.00000000000
62,2011-07-03,201107,6,829344.44260000000,1838436.87100000000,0.00000000000,0.00000000000,0.00000000000,0.00000000000,0.00000000000,3.00000000000
63,2011-07-03,201107,6,834316.83490000000,1841034.33020000000,0.00000000000,0.00000000000,1.00000000000,1.00000000000,0.00000000000,2.00000000000
64,2011-07-03,201107,6,839278.36760000000,1843787.52550000000,0.00000000000,0.00000000000,1.00000000000,1.00000000000,1.00000000000,0.00000000000
109,2011-07-03,201107,6,794506.81750000000,1819797.77900000000,8.00000000000,1.00000000000,1.00000000000,1.00000000000,1.00000000000,0.00000000000
110,2011-07-03,201107,6,789521.00730000000,1817206.63000000000,11.00000000000,8.00000000000,1.00000000000,1.00000000000,1.00000000000,0.00000000000
81,2011-07-03,201107,1,804189.51410000000,1873681.52890000000,0.00000000000,1.00000000000,0.00000000000,1.00000000000,0.00000000000,0.00000000000
83,2011-07-03,201107,1,808868.74590000000,1876481.81770000000,0.00000000000,1.00000000000,0.00000000000,0.00000000000,0.00000000000,5.00000000000
36,2012-12-25,201212,8,794650.65480000000,1806004.58740000000,0.00000000000,6.00000000000,1.00000000000,1.00000000000,1.00000000000,0.00000000000
39,2012-12-25,201212,8,798999.49240000000,1808470.38410000000,0.00000000000,0.00000000000,1.00000000000,1.00000000000,1.00000000000,0.00000000000
41,2012-12-25,201212,8,804473.39720000000,1811251.00650000000,0.00000000000,0.00000000000,1.00000000000,1.00000000000,1.00000000000,0.00000000000
43,2012-12-25,201212,8,809587.51500000000,1813940.58440000000,0.00000000000,0.00000000000,1.00000000000,1.00000000000,1.00000000000,0.00000000000
45,2012-12-25,201212,8,814594.15930000000,1816724.18010000000,0.00000000000,0.00000000000,1.00000000000,1.00000000000,1.00000000000,0.00000000000
47,2012-12-25,201212,8,819575.62260000000,1819245.02010000000,0.00000000000,0.00000000000,1.00000000000,1.00000000000,1.00000000000,0.00000000000
49,2012-12-25,201212,8,824385.16490000000,1821782.00250000000,0.00000000000,0.00000000000,1.00000000000,1.00000000000,1.00000000000,1.00000000000
52,2012-12-25,201212,8,829399.54020000000,1824615.72400000000,0.00000000000,0.00000000000,1.00000000000,1.00000000000,1.00000000000,0.00000000000
55,2012-12-25,201212,8,834411.97100000000,1827374.08400000000,0.00000000000,0.00000000000,1.00000000000,1.00000000000,1.00000000000,0.00000000000
57,2012-12-25,201212,8,839357.59820000000,1830008.51220000000,0.00000000000,0.00000000000,0.00000000000,0.00000000000,0.00000000000,1.00000000000
59,2012-12-25,201212,8,843746.89370000000,1832476.44300000000,4.00000000000,0.00000000000,1.00000000000,1.00000000000,1.00000000000,0.00000000000
50,2012-12-25,201212,6,799397.74710000000,1822565.46180000000,5.00000000000,7.00000000000,0.00000000000,0.00000000000,0.00000000000,0.00000000000
53,2012-12-25,201212,6,804623.12200000000,1825224.30070000000,22.00000000000,8.00000000000,0.00000000000,0.00000000000,0.00000000000,0.00000000000
56,2012-12-25,201212,6,809332.17980000000,1827773.96360000000,12.00000000000,0.00000000000,1.00000000000,1.00000000000,1.00000000000,0.00000000000
58,2012-12-25,201212,6,814341.13480000000,1830502.20500000000,15.00000000000,1.00000000000,0.00000000000,0.00000000000,0.00000000000,0.00000000000
60,2012-12-25,201212,6,819464.06080000000,1833262.18880000000,0.00000000000,0.00000000000,0.00000000000,0.00000000000,0.00000000000,0.00000000000
61,2012-12-25,201212,6,824276.41900000000,1835807.75390000000,4.00000000000,0.00000000000,1.00000000000,1.00000000000,1.00000000000,0.00000000000
62,2012-12-25,201212,6,829344.44260000000,1838436.87100000000,0.00000000000,0.00000000000,1.00000000000,1.00000000000,1.00000000000,0.00000000000
63,2012-12-25,201212,6,834316.83490000000,1841034.33020000000,0.00000000000,0.00000000000,1.00000000000,1.00000000000,1.00000000000,0.00000000000
64,2012-12-25,201212,6,839278.36760000000,1843787.52550000000,0.00000000000,0.00000000000,1.00000000000,1.00000000000,1.00000000000,0.00000000000
109,2012-12-25,201212,6,794506.81750000000,1819797.77900000000,0.00000000000,2.00000000000,1.00000000000,1.00000000000,1.00000000000,0.00000000000
110,2012-12-25,201212,6,789521.00730000000,1817206.63000000000,0.00000000000,11.00000000000,1.00000000000,1.00000000000,1.00000000000,0.00000000000
65,2012-12-25,201212,4,810708.55800000000,1846287.43600000000,0.00000000000,0.00000000000,1.00000000000,1.00000000000,1.00000000000,0.00000000000
66,2012-12-25,201212,4,814071.85630000000,1848084.67730000000,0.00000000000,0.00000000000,0.00000000000,1.00000000000,1.00000000000,0.00000000000
67,2012-12-25,201212,4,819086.93630000000,1850866.38580000000,0.00000000000,0.00000000000,0.00000000000,1.00000000000,1.00000000000,0.00000000000
68,2012-12-25,201212,4,824013.89120000000,1853642.85380000000,0.00000000000,0.00000000000,1.00000000000,1.00000000000,1.00000000000,0.00000000000
69,2012-12-25,201212,4,829028.51670000000,1856307.37440000000,0.00000000000,0.00000000000,0.00000000000,0.00000000000,0.00000000000,0.00000000000
70,2012-12-25,201212,4,833996.73900000000,1859096.13270000000,0.00000000000,0.00000000000,0.00000000000,0.00000000000,0.00000000000,1.00000000000
72,2012-12-25,201212,4,838869.55790000000,1861851.89970000000,0.00000000000,0.00000000000,0.00000000000,1.00000000000,1.00000000000,3.00000000000
74,2012-12-25,201212,4,843864.36650000000,1864646.26720000000,0.00000000000,0.00000000000,1.00000000000,1.00000000000,1.00000000000,1.00000000000
76,2012-12-25,201212,4,848842.37410000000,1867427.30890000000,0.00000000000,0.00000000000,0.00000000000,1.00000000000,1.00000000000,0.00000000000
71,2012-12-25,201212,2,809359.27510000000,1860729.83670000000,0.00000000000,1.00000000000,1.00000000000,1.00000000000,1.00000000000,0.00000000000
73,2012-12-25,201212,2,813888.84170000000,1862875.45940000000,0.00000000000,0.00000000000,1.00000000000,1.00000000000,1.00000000000,0.00000000000
75,2012-12-25,201212,2,818840.22870000000,1865607.38770000000,0.00000000000,0.00000000000,1.00000000000,1.00000000000,1.00000000000,1.00000000000
77,2012-12-25,201212,2,823250.26340000000,1868126.83290000000,0.00000000000,0.00000000000,1.00000000000,0.00000000000,0.00000000000,1.00000000000
79,2012-12-25,201212,2,828749.53870000000,1871169.35470000000,0.00000000000,0.00000000000,1.00000000000,0.00000000000,1.00000000000,0.00000000000
82,2012-12-25,201212,2,833662.99500000000,1874191.02930000000,0.00000000000,0.00000000000,1.00000000000,1.00000000000,1.00000000000,0.00000000000
84,2012-12-25,201212,2,838592.25240000000,1876865.59470000000,0.00000000000,0.00000000000,0.00000000000,0.00000000000,0.00000000000,3.00000000000
81,2012-12-25,201212,1,804189.51410000000,1873681.52890000000,0.00000000000,0.00000000000,0.00000000000,1.00000000000,1.00000000000,0.00000000000
83,2012-12-25,201212,1,808868.74590000000,1876481.81770000000,0.00000000000,5.00000000000,0.00000000000,1.00000000000,1.00000000000,0.00000000000
13,2013-11-23,201311,23,825358.11930000000,1773471.76470000000,0.00000000000,10.00000000000,0.00000000000,1.00000000000,1.00000000000,2.00000000000
14,2013-11-23,201311,23,830041.77790000000,1776055.00890000000,0.00000000000,20.00000000000,0.00000000000,0.00000000000,0.00000000000,0.00000000000
15,2013-11-23,201311,23,835354.54620000000,1779007.17470000000,0.00000000000,0.00000000000,0.00000000000,1.00000000000,1.00000000000,2.00000000000
17,2013-11-23,201311,23,840738.95310000000,1781911.58730000000,0.00000000000,9.00000000000,0.00000000000,0.00000000000,0.00000000000,4.00000000000
19,2013-11-23,201311,23,845644.09040000000,1784586.99620000000,0.00000000000,0.00000000000,0.00000000000,0.00000000000,0.00000000000,2.00000000000
21,2013-11-23,201311,23,850099.98900000000,1787353.05810000000,0.00000000000,0.00000000000,0.00000000000,1.00000000000,1.00000000000,1.00000000000
16,2013-11-23,201311,12,800058.75750000000,1780977.71250000000,0.00000000000,6.00000000000,0.00000000000,0.00000000000,0.00000000000,1.00000000000
18,2013-11-23,201311,12,805058.92040000000,1783687.19080000000,0.00000000000,11.00000000000,0.00000000000,0.00000000000,0.00000000000,2.00000000000
20,2013-11-23,201311,12,809524.55280000000,1786050.59340000000,0.00000000000,19.00000000000,0.00000000000,0.00000000000,0.00000000000,0.00000000000
22,2013-11-23,201311,12,814934.73010000000,1788976.51710000000,0.00000000000,26.00000000000,0.00000000000,0.00000000000,0.00000000000,2.00000000000
24,2013-11-23,201311,12,819964.48570000000,1791613.15740000000,0.00000000000,3.00000000000,0.00000000000,1.00000000000,1.00000000000,2.00000000000
26,2013-11-23,201311,12,824951.74400000000,1794354.99150000000,0.00000000000,10.00000000000,0.00000000000,0.00000000000,0.00000000000,0.00000000000
28,2013-11-23,201311,12,829936.27510000000,1796967.04470000000,0.00000000000,2.00000000000,0.00000000000,0.00000000000,0.00000000000,0.00000000000
30,2013-11-23,201311,12,834641.79110000000,1799574.05580000000,0.00000000000,13.00000000000,0.00000000000,0.00000000000,0.00000000000,0.00000000000
32,2013-11-23,201311,12,839849.66340000000,1802349.60970000000,0.00000000000,9.00000000000,0.00000000000,0.00000000000,0.00000000000,0.00000000000
34,2013-11-23,201311,12,844750.26160000000,1804904.83140000000,0.00000000000,0.00000000000,0.00000000000,0.00000000000,0.00000000000,0.00000000000
37,2013-11-23,201311,12,849819.86020000000,1807620.70070000000,0.00000000000,0.00000000000,0.00000000000,0.00000000000,0.00000000000,0.00000000000
31,2013-11-23,201311,10,809863.35100000000,1800211.93490000000,0.00000000000,16.00000000000,0.00000000000,0.00000000000,0.00000000000,0.00000000000
33,2013-11-23,201311,10,814745.10130000000,1802834.40220000000,0.00000000000,1.00000000000,1.00000000000,1.00000000000,1.00000000000,0.00000000000
35,2013-11-23,201311,10,819699.56690000000,1805513.78310000000,10.00000000000,1.00000000000,1.00000000000,1.00000000000,1.00000000000,0.00000000000
38,2013-11-23,201311,10,824835.05970000000,1808050.57860000000,0.00000000000,12.00000000000,0.00000000000,0.00000000000,0.00000000000,0.00000000000
40,2013-11-23,201311,10,829939.85710000000,1811052.22850000000,3.00000000000,3.00000000000,1.00000000000,1.00000000000,1.00000000000,0.00000000000
42,2013-11-23,201311,10,834634.78230000000,1813502.27030000000,13.00000000000,4.00000000000,1.00000000000,1.00000000000,1.00000000000,1.00000000000
44,2013-11-23,201311,10,839633.81800000000,1816188.08280000000,0.00000000000,0.00000000000,1.00000000000,1.00000000000,1.00000000000,0.00000000000
46,2013-11-23,201311,10,844712.06860000000,1818937.77890000000,2.00000000000,0.00000000000,1.00000000000,1.00000000000,1.00000000000,0.00000000000
48,2013-11-23,201311,10,849545.60360000000,1821545.53810000000,3.00000000000,3.00000000000,1.00000000000,1.00000000000,1.00000000000,0.00000000000
36,2013-11-23,201311,8,794650.65480000000,1806004.58740000000,4.00000000000,2.00000000000,1.00000000000,1.00000000000,1.00000000000,0.00000000000
39,2013-11-23,201311,8,798999.49240000000,1808470.38410000000,0.00000000000,5.00000000000,1.00000000000,1.00000000000,1.00000000000,0.00000000000
41,2013-11-23,201311,8,804473.39720000000,1811251.00650000000,2.00000000000,24.00000000000,1.00000000000,1.00000000000,1.00000000000,0.00000000000
43,2013-11-23,201311,8,809587.51500000000,1813940.58440000000,11.00000000000,9.00000000000,1.00000000000,1.00000000000,1.00000000000,0.00000000000
45,2013-11-23,201311,8,814594.15930000000,1816724.18010000000,15.00000000000,1.00000000000,0.00000000000,0.00000000000,0.00000000000,0.00000000000
47,2013-11-23,201311,8,819575.62260000000,1819245.02010000000,2.00000000000,0.00000000000,1.00000000000,1.00000000000,1.00000000000,0.00000000000
49,2013-11-23,201311,8,824385.16490000000,1821782.00250000000,0.00000000000,0.00000000000,0.00000000000,0.00000000000,0.00000000000,0.00000000000
52,2013-11-23,201311,8,829399.54020000000,1824615.72400000000,0.00000000000,1.00000000000,0.00000000000,0.00000000000,0.00000000000,0.00000000000
55,2013-11-23,201311,8,834411.97100000000,1827374.08400000000,0.00000000000,0.00000000000,0.00000000000,0.00000000000,0.00000000000,0.00000000000
57,2013-11-23,201311,8,839357.59820000000,1830008.51220000000,0.00000000000,0.00000000000,1.00000000000,1.00000000000,1.00000000000,1.00000000000
59,2013-11-23,201311,8,843746.89370000000,1832476.44300000000,0.00000000000,0.00000000000,1.00000000000,1.00000000000,1.00000000000,0.00000000000
50,2013-11-23,201311,6,799397.74710000000,1822565.46180000000,8.00000000000,16.00000000000,1.00000000000,1.00000000000,1.00000000000,0.00000000000
53,2013-11-23,201311,6,804623.12200000000,1825224.30070000000,42.00000000000,0.00000000000,0.00000000000,0.00000000000,0.00000000000,0.00000000000
56,2013-11-23,201311,6,809332.17980000000,1827773.96360000000,67.00000000000,10.00000000000,1.00000000000,1.00000000000,1.00000000000,1.00000000000
58,2013-11-23,201311,6,814341.13480000000,1830502.20500000000,37.00000000000,2.00000000000,1.00000000000,1.00000000000,1.00000000000,0.00000000000
60,2013-11-23,201311,6,819464.06080000000,1833262.18880000000,4.00000000000,0.00000000000,0.00000000000,0.00000000000,0.00000000000,0.00000000000
61,2013-11-23,201311,6,824276.41900000000,1835807.75390000000,2.00000000000,0.00000000000,0.00000000000,0.00000000000,0.00000000000,0.00000000000
62,2013-11-23,201311,6,829344.44260000000,1838436.87100000000,0.00000000000,7.00000000000,0.00000000000,0.00000000000,0.00000000000,0.00000000000
63,2013-11-23,201311,6,834316.83490000000,1841034.33020000000,0.00000000000,0.00000000000,1.00000000000,0.00000000000,0.00000000000,0.00000000000
64,2013-11-23,201311,6,839278.36760000000,1843787.52550000000,0.00000000000,0.00000000000,1.00000000000,1.00000000000,1.00000000000,0.00000000000
109,2013-11-23,201311,6,794506.81750000000,1819797.77900000000,0.00000000000,20.00000000000,1.00000000000,1.00000000000,1.00000000000,0.00000000000
110,2013-11-23,201311,6,789521.00730000000,1817206.63000000000,0.00000000000,3.00000000000,1.00000000000,1.00000000000,1.00000000000,0.00000000000
36,2014-03-16,201403,8,794650.65480000000,1806004.58740000000,0.00000000000,0.00000000000,1.00000000000,1.00000000000,1.00000000000,0.00000000000
39,2014-03-16,201403,8,798999.49240000000,1808470.38410000000,0.00000000000,1.00000000000,1.00000000000,1.00000000000,1.00000000000,0.00000000000
41,2014-03-16,201403,8,804473.39720000000,1811251.00650000000,0.00000000000,0.00000000000,1.00000000000,1.00000000000,1.00000000000,0.00000000000
43,2014-03-16,201403,8,809587.51500000000,1813940.58440000000,0.00000000000,1.00000000000,1.00000000000,1.00000000000,1.00000000000,0.00000000000
45,2014-03-16,201403,8,814594.15930000000,1816724.18010000000,0.00000000000,3.00000000000,0.00000000000,0.00000000000,0.00000000000,0.00000000000
47,2014-03-16,201403,8,819575.62260000000,1819245.02010000000,0.00000000000,0.00000000000,0.00000000000,0.00000000000,0.00000000000,0.00000000000
49,2014-03-16,201403,8,824385.16490000000,1821782.00250000000,0.00000000000,1.00000000000,0.00000000000,0.00000000000,0.00000000000,0.00000000000
52,2014-03-16,201403,8,829399.54020000000,1824615.72400000000,0.00000000000,0.00000000000,0.00000000000,0.00000000000,0.00000000000,0.00000000000
55,2014-03-16,201403,8,834411.97100000000,1827374.08400000000,0.00000000000,0.00000000000,0.00000000000,0.00000000000,0.00000000000,0.00000000000
57,2014-03-16,201403,8,839357.59820000000,1830008.51220000000,0.00000000000,0.00000000000,1.00000000000,1.00000000000,1.00000000000,0.00000000000
59,2014-03-16,201403,8,843746.89370000000,1832476.44300000000,0.00000000000,0.00000000000,1.00000000000,1.00000000000,1.00000000000,0.00000000000
50,2014-03-16,201403,6,799397.74710000000,1822565.46180000000,0.00000000000,4.00000000000,1.00000000000,1.00000000000,1.00000000000,0.00000000000
53,2014-03-16,201403,6,804623.12200000000,1825224.30070000000,0.00000000000,0.00000000000,1.00000000000,1.00000000000,1.00000000000,0.00000000000
56,2014-03-16,201403,6,809332.17980000000,1827773.96360000000,5.00000000000,1.00000000000,1.00000000000,1.00000000000,1.00000000000,0.00000000000
58,2014-03-16,201403,6,814341.13480000000,1830502.20500000000,0.00000000000,0.00000000000,1.00000000000,1.00000000000,1.00000000000,0.00000000000
60,2014-03-16,201403,6,819464.06080000000,1833262.18880000000,0.00000000000,0.00000000000,0.00000000000,0.00000000000,0.00000000000,0.00000000000
61,2014-03-16,201403,6,824276.41900000000,1835807.75390000000,0.00000000000,0.00000000000,0.00000000000,0.00000000000,0.00000000000,0.00000000000
62,2014-03-16,201403,6,829344.44260000000,1838436.87100000000,0.00000000000,0.00000000000,0.00000000000,0.00000000000,0.00000000000,0.00000000000
63,2014-03-16,201403,6,834316.83490000000,1841034.33020000000,0.00000000000,0.00000000000,0.00000000000,0.00000000000,0.00000000000,0.00000000000
64,2014-03-16,201403,6,839278.36760000000,1843787.52550000000,0.00000000000,0.00000000000,1.00000000000,1.00000000000,1.00000000000,0.00000000000
109,2014-03-16,201403,6,794506.81750000000,1819797.77900000000,5.00000000000,1.00000000000,1.00000000000,1.00000000000,1.00000000000,0.00000000000
110,2014-03-16,201403,6,789521.00730000000,1817206.63000000000,0.00000000000,3.00000000000,1.00000000000,1.00000000000,1.00000000000,0.00000000000
65,2014-03-16,201403,4,810708.55800000000,1846287.43600000000,0.00000000000,0.00000000000,0.00000000000,0.00000000000,0.00000000000,0.00000000000
66,2014-03-16,201403,4,814071.85630000000,1848084.67730000000,0.00000000000,0.00000000000,1.00000000000,1.00000000000,1.00000000000,0.00000000000
67,2014-03-16,201403,4,819086.93630000000,1850866.38580000000,0.00000000000,0.00000000000,1.00000000000,0.00000000000,0.00000000000,0.00000000000
68,2014-03-16,201403,4,824013.89120000000,1853642.85380000000,0.00000000000,0.00000000000,0.00000000000,0.00000000000,0.00000000000,0.00000000000
69,2014-03-16,201403,4,829028.51670000000,1856307.37440000000,0.00000000000,0.00000000000,0.00000000000,0.00000000000,0.00000000000,0.00000000000
70,2014-03-16,201403,4,833996.73900000000,1859096.13270000000,0.00000000000,0.00000000000,1.00000000000,1.00000000000,1.00000000000,0.00000000000
72,2014-03-16,201403,4,838869.55790000000,1861851.89970000000,10.00000000000,0.00000000000,0.00000000000,0.00000000000,0.00000000000,0.00000000000
74,2014-03-16,201403,4,843864.36650000000,1864646.26720000000,0.00000000000,0.00000000000,0.00000000000,0.00000000000,0.00000000000,0.00000000000
76,2014-03-16,201403,4,848842.37410000000,1867427.30890000000,0.00000000000,0.00000000000,1.00000000000,0.00000000000,0.00000000000,0.00000000000
71,2014-03-16,201403,2,809359.27510000000,1860729.83670000000,0.00000000000,0.00000000000,0.00000000000,1.00000000000,1.00000000000,0.00000000000
73,2014-03-16,201403,2,813888.84170000000,1862875.45940000000,0.00000000000,0.00000000000,1.00000000000,1.00000000000,1.00000000000,0.00000000000
75,2014-03-16,201403,2,818840.22870000000,1865607.38770000000,0.00000000000,0.00000000000,1.00000000000,1.00000000000,1.00000000000,0.00000000000
77,2014-03-16,201403,2,823250.26340000000,1868126.83290000000,0.00000000000,0.00000000000,1.00000000000,0.00000000000,0.00000000000,0.00000000000
79,2014-03-16,201403,2,828749.53870000000,1871169.35470000000,0.00000000000,0.00000000000,1.00000000000,0.00000000000,0.00000000000,0.00000000000
82,2014-03-16,201403,2,833662.99500000000,1874191.02930000000,0.00000000000,0.00000000000,0.00000000000,0.00000000000,0.00000000000,0.00000000000
84,2014-03-16,201403,2,838592.25240000000,1876865.59470000000,0.00000000000,0.00000000000,0.00000000000,0.00000000000,0.00000000000,0.00000000000
81,2014-03-16,201403,1,804189.51410000000,1873681.52890000000,0.00000000000,0.00000000000,0.00000000000,0.00000000000,0.00000000000,0.00000000000
83,2014-03-16,201403,1,808868.74590000000,1876481.81770000000,0.00000000000,0.00000000000,0.00000000000,0.00000000000,0.00000000000,0.00000000000
36,2014-09-28,201409,8,794650.65480000000,1806004.58740000000,0.00000000000,0.00000000000,1.00000000000,1.00000000000,1.00000000000,0.00000000000
39,2014-09-28,201409,8,798999.49240000000,1808470.38410000000,0.00000000000,0.00000000000,1.00000000000,1.00000000000,1.00000000000,0.00000000000
41,2014-09-28,201409,8,804473.39720000000,1811251.00650000000,0.00000000000,1.00000000000,1.00000000000,1.00000000000,1.00000000000,0.00000000000
43,2014-09-28,201409,8,809587.51500000000,1813940.58440000000,0.00000000000,0.00000000000,1.00000000000,1.00000000000,1.00000000000,0.00000000000
45,2014-09-28,201409,8,814594.15930000000,1816724.18010000000,1.00000000000,0.00000000000,0.00000000000,0.00000000000,0.00000000000,0.00000000000
47,2014-09-28,201409,8,819575.62260000000,1819245.02010000000,0.00000000000,0.00000000000,1.00000000000,1.00000000000,1.00000000000,0.00000000000
49,2014-09-28,201409,8,824385.16490000000,1821782.00250000000,0.00000000000,0.00000000000,0.00000000000,0.00000000000,0.00000000000,0.00000000000
52,2014-09-28,201409,8,829399.54020000000,1824615.72400000000,0.00000000000,0.00000000000,0.00000000000,0.00000000000,0.00000000000,0.00000000000
55,2014-09-28,201409,8,834411.97100000000,1827374.08400000000,0.00000000000,0.00000000000,0.00000000000,0.00000000000,0.00000000000,0.00000000000
57,2014-09-28,201409,8,839357.59820000000,1830008.51220000000,0.00000000000,0.00000000000,1.00000000000,1.00000000000,1.00000000000,0.00000000000
59,2014-09-28,201409,8,843746.89370000000,1832476.44300000000,0.00000000000,2.00000000000,1.00000000000,1.00000000000,1.00000000000,0.00000000000
50,2014-09-28,201409,6,799397.74710000000,1822565.46180000000,0.00000000000,2.00000000000,1.00000000000,1.00000000000,1.00000000000,0.00000000000
53,2014-09-28,201409,6,804623.12200000000,1825224.30070000000,1.00000000000,0.00000000000,1.00000000000,1.00000000000,1.00000000000,0.00000000000
56,2014-09-28,201409,6,809332.17980000000,1827773.96360000000,7.00000000000,0.00000000000,1.00000000000,0.00000000000,0.00000000000,0.00000000000
58,2014-09-28,201409,6,814341.13480000000,1830502.20500000000,0.00000000000,0.00000000000,1.00000000000,1.00000000000,1.00000000000,0.00000000000
60,2014-09-28,201409,6,819464.06080000000,1833262.18880000000,0.00000000000,0.00000000000,1.00000000000,1.00000000000,1.00000000000,0.00000000000
61,2014-09-28,201409,6,824276.41900000000,1835807.75390000000,0.00000000000,0.00000000000,0.00000000000,0.00000000000,0.00000000000,0.00000000000
62,2014-09-28,201409,6,829344.44260000000,1838436.87100000000,0.00000000000,0.00000000000,0.00000000000,0.00000000000,0.00000000000,0.00000000000
63,2014-09-28,201409,6,834316.83490000000,1841034.33020000000,18.00000000000,0.00000000000,1.00000000000,1.00000000000,1.00000000000,0.00000000000
64,2014-09-28,201409,6,839278.36760000000,1843787.52550000000,0.00000000000,0.00000000000,1.00000000000,1.00000000000,1.00000000000,0.00000000000
109,2014-09-28,201409,6,794506.81750000000,1819797.77900000000,0.00000000000,5.00000000000,1.00000000000,1.00000000000,1.00000000000,0.00000000000
110,2014-09-28,201409,6,789521.00730000000,1817206.63000000000,0.00000000000,4.00000000000,0.00000000000,0.00000000000,0.00000000000,0.00000000000
65,2014-09-28,201409,4,810708.55800000000,1846287.43600000000,0.00000000000,0.00000000000,0.00000000000,0.00000000000,0.00000000000,0.00000000000
66,2014-09-28,201409,4,814071.85630000000,1848084.67730000000,0.00000000000,0.00000000000,1.00000000000,1.00000000000,1.00000000000,0.00000000000
67,2014-09-28,201409,4,819086.93630000000,1850866.38580000000,0.00000000000,0.00000000000,1.00000000000,1.00000000000,1.00000000000,0.00000000000
68,2014-09-28,201409,4,824013.89120000000,1853642.85380000000,0.00000000000,0.00000000000,1.00000000000,1.00000000000,1.00000000000,0.00000000000
69,2014-09-28,201409,4,829028.51670000000,1856307.37440000000,0.00000000000,0.00000000000,1.00000000000,1.00000000000,1.00000000000,0.00000000000
70,2014-09-28,201409,4,833996.73900000000,1859096.13270000000,0.00000000000,0.00000000000,1.00000000000,1.00000000000,1.00000000000,0.00000000000
72,2014-09-28,201409,4,838869.55790000000,1861851.89970000000,0.00000000000,0.00000000000,1.00000000000,1.00000000000,1.00000000000,0.00000000000
74,2014-09-28,201409,4,843864.36650000000,1864646.26720000000,0.00000000000,0.00000000000,1.00000000000,1.00000000000,1.00000000000,0.00000000000
76,2014-09-28,201409,4,848842.37410000000,1867427.30890000000,0.00000000000,0.00000000000,1.00000000000,1.00000000000,1.00000000000,0.00000000000
71,2014-09-28,201409,2,809359.27510000000,1860729.83670000000,0.00000000000,0.00000000000,1.00000000000,1.00000000000,1.00000000000,0.00000000000
73,2014-09-28,201409,2,813888.84170000000,1862875.45940000000,0.00000000000,0.00000000000,1.00000000000,1.00000000000,1.00000000000,0.00000000000
75,2014-09-28,201409,2,818840.22870000000,1865607.38770000000,0.00000000000,0.00000000000,1.00000000000,1.00000000000,1.00000000000,0.00000000000
77,2014-09-28,201409,2,823250.26340000000,1868126.83290000000,0.00000000000,0.00000000000,1.00000000000,1.00000000000,1.00000000000,0.00000000000
79,2014-09-28,201409,2,828749.53870000000,1871169.35470000000,0.00000000000,0.00000000000,1.00000000000,1.00000000000,1.00000000000,0.00000000000
82,2014-09-28,201409,2,833662.99500000000,1874191.02930000000,0.00000000000,0.00000000000,1.00000000000,1.00000000000,1.00000000000,0.00000000000
84,2014-09-28,201409,2,838592.25240000000,1876865.59470000000,0.00000000000,0.00000000000,0.00000000000,0.00000000000,0.00000000000,1.00000000000
81,2014-09-28,201409,1,804189.51410000000,1873681.52890000000,0.00000000000,0.00000000000,0.00000000000,0.00000000000,0.00000000000,0.00000000000
83,2014-09-28,201409,1,808868.74590000000,1876481.81770000000,0.00000000000,0.00000000000,0.00000000000,0.00000000000,0.00000000000,0.00000000000
16,2014-12-05,201412,12,800058.75750000000,1780977.71250000000,0.00000000000,2.00000000000,0.00000000000,1.00000000000,1.00000000000,0.00000000000
18,2014-12-05,201412,12,805058.92040000000,1783687.19080000000,0.00000000000,11.00000000000,0.00000000000,1.00000000000,1.00000000000,1.00000000000
20,2014-12-05,201412,12,809524.55280000000,1786050.59340000000,0.00000000000,2.00000000000,1.00000000000,1.00000000000,1.00000000000,0.00000000000
22,2014-12-05,201412,12,814934.73010000000,1788976.51710000000,0.00000000000,1.00000000000,1.00000000000,1.00000000000,1.00000000000,1.00000000000
24,2014-12-05,201412,12,819964.48570000000,1791613.15740000000,0.00000000000,8.00000000000,1.00000000000,1.00000000000,1.00000000000,0.00000000000
26,2014-12-05,201412,12,824951.74400000000,1794354.99150000000,0.00000000000,1.00000000000,1.00000000000,1.00000000000,1.00000000000,0.00000000000
28,2014-12-05,201412,12,829936.27510000000,1796967.04470000000,0.00000000000,0.00000000000,1.00000000000,1.00000000000,1.00000000000,0.00000000000
30,2014-12-05,201412,12,834641.79110000000,1799574.05580000000,0.00000000000,0.00000000000,1.00000000000,1.00000000000,1.00000000000,0.00000000000
32,2014-12-05,201412,12,839849.66340000000,1802349.60970000000,0.00000000000,0.00000000000,1.00000000000,1.00000000000,1.00000000000,0.00000000000
34,2014-12-05,201412,12,844750.26160000000,1804904.83140000000,0.00000000000,3.00000000000,1.00000000000,1.00000000000,1.00000000000,1.00000000000
37,2014-12-05,201412,12,849819.86020000000,1807620.70070000000,0.00000000000,0.00000000000,1.00000000000,1.00000000000,1.00000000000,0.00000000000
31,2014-12-05,201412,10,809863.35100000000,1800211.93490000000,0.00000000000,0.00000000000,1.00000000000,1.00000000000,1.00000000000,0.00000000000
33,2014-12-05,201412,10,814745.10130000000,1802834.40220000000,0.00000000000,11.00000000000,1.00000000000,1.00000000000,1.00000000000,0.00000000000
35,2014-12-05,201412,10,819699.56690000000,1805513.78310000000,0.00000000000,5.00000000000,1.00000000000,1.00000000000,1.00000000000,0.00000000000
38,2014-12-05,201412,10,824835.05970000000,1808050.57860000000,0.00000000000,6.00000000000,1.00000000000,1.00000000000,1.00000000000,0.00000000000
40,2014-12-05,201412,10,829939.85710000000,1811052.22850000000,0.00000000000,5.00000000000,1.00000000000,1.00000000000,1.00000000000,1.00000000000
42,2014-12-05,201412,10,834634.78230000000,1813502.27030000000,0.00000000000,6.00000000000,1.00000000000,1.00000000000,1.00000000000,1.00000000000
44,2014-12-05,201412,10,839633.81800000000,1816188.08280000000,0.00000000000,6.00000000000,1.00000000000,1.00000000000,1.00000000000,1.00000000000
46,2014-12-05,201412,10,844712.06860000000,1818937.77890000000,0.00000000000,5.00000000000,0.00000000000,1.00000000000,1.00000000000,7.00000000000
48,2014-12-05,201412,10,849545.60360000000,1821545.53810000000,0.00000000000,0.00000000000,1.00000000000,1.00000000000,1.00000000000,1.00000000000
36,2014-12-05,201412,8,794650.65480000000,1806004.58740000000,0.00000000000,3.00000000000,1.00000000000,1.00000000000,1.00000000000,0.00000000000
39,2014-12-05,201412,8,798999.49240000000,1808470.38410000000,0.00000000000,5.00000000000,1.00000000000,1.00000000000,1.00000000000,0.00000000000
41,2014-12-05,201412,8,804473.39720000000,1811251.00650000000,2.00000000000,9.00000000000,1.00000000000,1.00000000000,1.00000000000,0.00000000000
43,2014-12-05,201412,8,809587.51500000000,1813940.58440000000,0.00000000000,6.00000000000,1.00000000000,1.00000000000,1.00000000000,0.00000000000
45,2014-12-05,201412,8,814594.15930000000,1816724.18010000000,0.00000000000,12.00000000000,1.00000000000,1.00000000000,1.00000000000,0.00000000000
47,2014-12-05,201412,8,819575.62260000000,1819245.02010000000,0.00000000000,8.00000000000,1.00000000000,1.00000000000,1.00000000000,0.00000000000
49,2014-12-05,201412,8,824385.16490000000,1821782.00250000000,0.00000000000,1.00000000000,1.00000000000,1.00000000000,1.00000000000,0.00000000000
52,2014-12-05,201412,8,829399.54020000000,1824615.72400000000,0.00000000000,0.00000000000,1.00000000000,1.00000000000,1.00000000000,0.00000000000
55,2014-12-05,201412,8,834411.97100000000,1827374.08400000000,0.00000000000,0.00000000000,1.00000000000,1.00000000000,1.00000000000,0.00000000000
57,2014-12-05,201412,8,839357.59820000000,1830008.51220000000,0.00000000000,0.00000000000,1.00000000000,1.00000000000,1.00000000000,1.00000000000
59,2014-12-05,201412,8,843746.89370000000,1832476.44300000000,0.00000000000,0.00000000000,1.00000000000,0.00000000000,1.00000000000,1.00000000000
50,2014-12-05,201412,6,799397.74710000000,1822565.46180000000,0.00000000000,9.00000000000,1.00000000000,1.00000000000,1.00000000000,1.00000000000
53,2014-12-05,201412,6,804623.12200000000,1825224.30070000000,0.00000000000,3.00000000000,1.00000000000,1.00000000000,1.00000000000,0.00000000000
56,2014-12-05,201412,6,809332.17980000000,1827773.96360000000,0.00000000000,5.00000000000,1.00000000000,1.00000000000,1.00000000000,0.00000000000
58,2014-12-05,201412,6,814341.13480000000,1830502.20500000000,0.00000000000,6.00000000000,1.00000000000,1.00000000000,1.00000000000,0.00000000000
60,2014-12-05,201412,6,819464.06080000000,1833262.18880000000,0.00000000000,1.00000000000,1.00000000000,1.00000000000,1.00000000000,0.00000000000
61,2014-12-05,201412,6,824276.41900000000,1835807.75390000000,0.00000000000,0.00000000000,1.00000000000,1.00000000000,1.00000000000,0.00000000000
62,2014-12-05,201412,6,829344.44260000000,1838436.87100000000,0.00000000000,0.00000000000,1.00000000000,1.00000000000,0.00000000000,1.00000000000
63,2014-12-05,201412,6,834316.83490000000,1841034.33020000000,0.00000000000,1.00000000000,1.00000000000,1.00000000000,0.00000000000,0.00000000000
64,2014-12-05,201412,6,839278.36760000000,1843787.52550000000,0.00000000000,0.00000000000,1.00000000000,1.00000000000,0.00000000000,0.00000000000
109,2014-12-05,201412,6,794506.81750000000,1819797.77900000000,0.00000000000,9.00000000000,1.00000000000,1.00000000000,1.00000000000,0.00000000000
110,2014-12-05,201412,6,789521.00730000000,1817206.63000000000,0.00000000000,5.00000000000,1.00000000000,1.00000000000,1.00000000000,0.00000000000
65,2014-12-05,201412,4,810708.55800000000,1846287.43600000000,0.00000000000,3.00000000000,1.00000000000,1.00000000000,1.00000000000,0.00000000000
66,2014-12-05,201412,4,814071.85630000000,1848084.67730000000,0.00000000000,2.00000000000,1.00000000000,1.00000000000,1.00000000000,0.00000000000
67,2014-12-05,201412,4,819086.93630000000,1850866.38580000000,0.00000000000,0.00000000000,0.00000000000,0.00000000000,0.00000000000,0.00000000000
68,2014-12-05,201412,4,824013.89120000000,1853642.85380000000,0.00000000000,0.00000000000,1.00000000000,1.00000000000,1.00000000000,0.00000000000
69,2014-12-05,201412,4,829028.51670000000,1856307.37440000000,0.00000000000,0.00000000000,1.00000000000,1.00000000000,1.00000000000,0.00000000000
70,2014-12-05,201412,4,833996.73900000000,1859096.13270000000,0.00000000000,0.00000000000,1.00000000000,1.00000000000,1.00000000000,0.00000000000
72,2014-12-05,201412,4,838869.55790000000,1861851.89970000000,0.00000000000,0.00000000000,1.00000000000,1.00000000000,1.00000000000,0.00000000000
74,2014-12-05,201412,4,843864.36650000000,1864646.26720000000,0.00000000000,0.00000000000,1.00000000000,1.00000000000,1.00000000000,1.00000000000
76,2014-12-05,201412,4,848842.37410000000,1867427.30890000000,0.00000000000,0.00000000000,1.00000000000,0.00000000000,1.00000000000,2.00000000000
81,2014-12-05,201412,1,804189.51410000000,1873681.52890000000,0.00000000000,0.00000000000,1.00000000000,1.00000000000,0.00000000000,0.00000000000
83,2014-12-05,201412,1,808868.74590000000,1876481.81770000000,0.00000000000,0.00000000000,1.00000000000,1.00000000000,0.00000000000,2.00000000000
